tt0114709,Tim Robbins,Morgan Freeman,Documentary,21.946943,Released,373554033.00,73,2343110
tt0113497,Marlon Brando,Al Pacino,Animation,17.015539,Released,262797249.00,28,1620367
tt0113228,Christian Bale,Heath Ledger,Biography,11.7129,Released,0.00,54,2303232
tt0114885,Al Pacino,Robert De Niro,Adventure,3.859495,Released,81452156.00,51,1129952
tt0113041,Henry Fonda,Lee J. Cobb,Comedy,8.387519,Released,76578911.00,57.1,689845
tt0113277,Elijah Wood,Viggo Mortensen,Adventure,17.924927,Released,187436818.00,57.1,1642758
tt0114319,John Travolta,Uma Thurman,Animation,6.677277,Released,0.00,65,1826188
tt0112302,Liam Neeson,Ralph Fiennes,Comedy,2.561161,Released,0.00,57.1,1213505
tt0114576,Leonardo DiCaprio,Joseph Gordon0Levitt,Adventure,5.23158,Released,64350171.00,57.1,2067042
tt0113189,Brad Pitt,Edward Norton,Animation,14.686036,Released,352194034.00,69,1854740
tt0112346,Elijah Wood,Ian McKellen,Animation,6.318445,Released,107879496.00,46,1661481
tt0112896,Tom Hanks,Robin Wright,Animation,5.430331,Released,0.00,57.1,1809221
tt0112453,Clint Eastwood,Eli Wallach,Comedy,12.140733,Released,11348324.00,48,688390
tt0113987,Elijah Wood,Ian McKellen,Comedy,5.092,Released,13681765.00,57.1,1485555
tt0112760,Lilly Wachowski,Keanu Reeves,Comedy,7.284477,Released,10017322.00,57.1,1676426
tt0112641,Robert De Niro,Ray Liotta,Animation,10.137389,Released,116112375.00,57.1,1020727
tt0114388,Mark Hamill,Harrison Ford,Animation,10.673167,Released,135000000.00,57.1,1159315
tt0113101,Jack Nicholson,Louise Fletcher,Comedy,9.026586,Released,4300000.00,49,918088
tt0112281,Lin0Manuel Miranda,Phillipa Soo,Animation,8.205448,Released,212385533.00,49,55291
tt0113845,Kang0ho Song,Lee Sun0kyun,Animation,7.337906,Released,35431113.00,57.1,552778
tt0113161,Suriya,Madhavan,Family,12.669608,Released,115101622.00,57.1,54995
tt0112722,Matthew McConaughey,Anne Hathaway,Animation,10.701801,Released,0.00,50,1512360
tt0112401,KÃ¡tia Lund,Alexandre Rodrigues,Adventure,11.065939,Released,30303072.00,57.1,699256
tt0114168,Daveigh Chase,Suzanne Pleshette,Animation,12.133094,Released,0.00,68,651376
tt0113627,Tom Hanks,Matt Damon,Adventure,10.332025,Released,49800000.00,65,1235804
tt0114057,Tom Hanks,Michael Clarke Duncan,Animation,1.845899,Released,0.00,57.1,1147794
tt0114011,Roberto Benigni,Nicoletta Braschi,Adventure,8.681325,Released,27400000.00,57.1,623629
tt0114117,Morgan Freeman,Brad Pitt,Animation,2.228434,Released,0.00,85,1445096
tt0112682,Jodie Foster,Anthony Hopkins,Adventure,9.822423,Released,1738611.00,57.1,1270197
tt0115012,Mark Hamill,Harrison Ford,Drama,1.100915,Released,0.00,57.1,1231473
tt0112792,Tatsuya Nakadai,Akira Ishihama,Comedy,9.481338,Released,180000000.00,63,42004
tt0114746,ToshirÃ´ Mifune,Takashi Shimura,Animation,12.297305,Released,168840000.00,57.1,315744
tt0114952,James Stewart,Donna Reed,Comedy,0.745542,Released,0.00,57.1,405801
tt0112431,Joaquin Phoenix,Robert De Niro,Adventure,14.404764,Released,254134910.00,53,939252
tt0112637,Miles Teller,J.K. Simmons,Animation,1.493361,Released,0.00,57.1,717585
tt0112818,Ã‰ric Toledano,FranÃ§ois Cluzet,Comedy,6.891317,Released,39363635.00,31,760360
tt0112286,Christian Bale,Hugh Jackman,Action,0.114469,Released,0.00,57.1,1190259
tt0113442,Leonardo DiCaprio,Matt Damon,Family,7.777735,Released,0.00,57.1,1189773
tt0112697,Adrien Brody,Thomas Kretschmann,Animation,9.882383,Released,0.00,57.1,729603
tt0112749,Russell Crowe,Joaquin Phoenix,Adventure,0.894647,Released,676525.00,57.1,1341460
tt0114279,Edward Norton,Edward Furlong,Comedy,4.561387,Released,0.00,64,1034705
tt0112819,Kevin Spacey,Gabriel Byrne,Animation,9.87957,Released,0.00,57.1,991208
tt0114272,Jean Reno,Gary Oldman,Comedy,10.979269,Released,0.00,57.1,1035236
tt0113855,Rob Minkoff,Matthew Broderick,Adventure,10.870138,Released,122195920.00,43,942045
tt0114681,Arnold Schwarzenegger,Linda Hamilton,Adventure,10.448481,Released,21284514.00,53,995506
tt0113347,Philippe Noiret,Enzo Cannavale,Animation,4.485958,Released,23574130.00,57.1,230763
tt0114369,Tsutomu Tatsumi,Ayano Shiraishi,Drama,18.45743,Released,327311859.00,57.1,235231
tt0114148,Michael J. Fox,Christopher Lloyd,Adventure,13.280069,Released,346079773.00,34,1058081
tt0114916,Henry Fonda,Charles Bronson,Comedy,3.302524,Released,0.00,57.1,302844
tt0114814,Anthony Perkins,Janet Leigh,Animation,16.302466,Released,23341568.00,38,604211
tt0109950,Humphrey Bogart,Ingrid Bergman,Biography,0.595949,Released,0.00,59,522093
tt0113819,Charles Chaplin,Paulette Goddard,Comedy,15.899134,Released,6700000.00,11,217881
tt0110299,Charles Chaplin,Virginia Cherrill,Adventure,1.361286,Released,0.00,57.1,167839
tt0112499,Zain Al Rafeea,Yordanos Shiferaw,Comedy,5.982764,Released,0.00,57.1,62635
tt0113158,Erdem Can,Ã‡etin Tekindor,Adventure,4.093443,Released,0.00,48,34112
tt0113541,Pushkar,Madhavan,Adventure,0.307075,Released,0.00,57.1,28401
tt0113321,RyÃ»nosuke Kamiki,Mone Kamishiraishi,Family,8.416802,Released,17519169.00,65,194838
tt0110877,Aamir Khan,Sakshi Tanwar,Comedy,10.168437,Released,0.00,57.1,156479
tt0112714,Peter Ramsey,Rodney Rothman,Comedy,0.120789,Released,0.00,59,375110
tt0113419,Joe Russo,Robert Downey Jr.,Animation,10.673296,Released,0.00,69,809955
tt0116260,Joe Russo,Robert Downey Jr.,Drama,4.733526,Released,0.00,57.1,834477
tt0113862,Adrian Molina,Anthony Gonzalez,Animation,7.137117,Released,106269971.00,86,384171
tt0116126,Jamie Foxx,Christoph Waltz,Animation,11.700115,Released,0.00,57.1,1357682
tt0118002,Christian Bale,Tom Hardy,Adventure,2.174487,Released,0.00,57.1,1516346
tt0115683,Aamir Khan,Madhavan,Animation,6.387469,Released,0.00,57.1,344445
tt0116839,Amole Gupte,Darsheel Safary,Animation,2.49535,Released,2409225.00,51,168895
tt0114753,Ben Burtt,Elissa Knight,Animation,4.046208,Released,0.00,62,999790
tt0113149,Ulrich MÃ¼he,Martina Gedeck,Animation,2.518051,Released,0.00,57.1,358685
tt0113118,Choi Min0sik,Yoo Ji0Tae,Animation,14.56965,Released,28215918.00,53,515451
tt0116367,Guy Pearce,Carrie0Anne Moss,Animation,15.339153,Released,25836616.00,57.1,1125712
tt0113010,YÃ´ji Matsuda,Yuriko Ishida,Drama,5.912223,Released,11534477.00,57.1,343171
tt0113537,Robert De Niro,James Woods,Comedy,3.367276,Released,718490.00,73,311365
tt0113828,Harrison Ford,Karen Allen,Drama,1.479446,Released,0.00,57.1,884112
tt0115644,Jack Nicholson,Shelley Duvall,Animation,10.412194,Released,19030691.00,49,898237
tt0115676,Martin Sheen,Marlon Brando,Animation,2.936443,Released,2042530.00,57.1,606398
tt0114367,Sigourney Weaver,Tom Skerritt,Comedy,12.758848,Released,5781885.00,51,787806
tt0113973,Rajesh Khanna,Amitabh Bachchan,Adventure,0.133893,Released,0.00,36,30273
tt0112744,ToshirÃ´ Mifune,Yutaka Sada,Drama,5.756462,Released,0.00,57.1,34357
tt0116731,Peter Sellers,George C. Scott,Adventure,6.010579,Released,0.00,57.1,450474
tt0112445,Tyrone Power,Marlene Dietrich,Adventure,1.196256,Released,0.00,57.1,108862
tt0114660,Kirk Douglas,Ralph Meeker,Drama,4.486179,Released,529766.00,76,178092
tt0112379,James Stewart,Grace Kelly,Comedy,2.030174,Released,0.00,37,444074
tt0114039,William Holden,Gloria Swanson,Action,0.252287,Released,0.00,50,201632
tt0113612,Charles Chaplin,Paulette Goddard,Adventure,0.531159,Released,0.00,56,203150
tt0112365,Dean0Charles Chapman,George MacKay,Animation,2.15166,Released,0.00,57.1,425844
tt0118158,Anand Gandhi,Adesh Prasad,Adventure,9.568604,Released,10300000.00,57.1,27793
tt0116151,Ayushmann Khurrana,Tabu,Comedy,4.814825,Released,0.00,55,71875
tt0115697,Mohanlal,Meena,Adventure,8.963037,Released,32.00,57.1,30722
tt0113972,Mads Mikkelsen,Thomas Bo Larsen,Drama,6.848591,Released,8175346.00,80,281623
tt0113490,Payman Maadi,Leila Hatami,Comedy,0.411424,Released,0.00,57.1,220002
tt0117002,Lubna Azabal,MÃ©lissa DÃ©sormeaux0Poulin,Comedy,12.866139,Released,12379402.00,50,150023
tt0114825,Aras Bulut Iynemli,Nisa Sofiya Aksongur,Animation,9.071127,Released,19800000.00,57.1,33935
tt0115639,Ã‡etin Tekindor,Fikret Kuskan,Comedy,4.670562,Released,0.00,48,78925
tt0115759,Brad Pitt,Diane Kruger,Adventure,14.957626,Released,150270147.00,34,1267869
tt0113403,Jim Carrey,Kate Winslet,Adventure,0.513391,Released,0.00,66,911664
tt0113247,Audrey Tautou,Mathieu Kassovitz,Adventure,12.108196,Released,0.00,57.1,703810
tt0111173,Jason Statham,Brad Pitt,Adventure,2.657647,Released,0.00,59,782001
tt0113283,Ellen Burstyn,Jared Leto,Drama,0.638211,Released,0.00,57.1,766870
tt0115907,Kevin Spacey,Annette Bening,Animation,4.807223,Released,0.00,20,1069738
tt0115734,Robin Williams,Matt Damon,Action,6.904831,Released,560069.00,22,861606
tt0117102,Mohammad Amir Naji,Amir Farrokh Hashemian,Adventure,3.329264,Released,0.00,57.1,65341
tt0118040,Tom Hanks,Tim Allen,Biography,2.464425,Released,0.00,41,887429
tt0116483,Mel Gibson,Sophie Marceau,Action,9.592265,Released,41205099.00,33,959181
tt0112579,Harvey Keitel,Tim Roth,Comedy,5.951077,Released,182016617.00,57.1,918562
tt0110251,Matthew Modine,R. Lee Ermey,Animation,1.015068,Released,0.00,40,675146
tt0117110,Aleksey Kravchenko,Olga Mironova,Adventure,6.902423,Released,34327391.00,33,59056
tt0112646,Sigourney Weaver,Michael Biehn,Comedy,0.976707,Released,0.00,66,652719
tt0113276,F. Murray Abraham,Tom Hulce,Comedy,0.001346,Released,0.00,17,369007
tt0112573,Al Pacino,Michelle Pfeiffer,Biography,20.755149,Released,210000000.00,89,740911
tt0075314,Mark Hamill,Harrison Ford,Adventure,14.092713,Released,28262574.00,46,950470
tt0113326,JÃ¼rgen Prochnow,Herbert GrÃ¶nemeyer,Animation,12.314278,Released,32392047.00,57.1,231855
tt0115645,Robert De Niro,Jodie Foster,Drama,2.938293,Released,0.00,57.1,724636
tt0113774,Paul Newman,Robert Redford,Animation,0.372697,Released,0.00,57.1,241513
tt0112556,Malcolm McDowell,Patrick Magee,Adventure,1.254885,Released,0.00,32,757904
tt0112373,Keir Dullea,Gary Lockwood,Animation,0.243986,Released,1.00,62,603517
tt0115033,Clint Eastwood,Lee Van Cleef,Animation,6.178497,Released,0.00,57.1,232772
tt0116606,Peter O'Toole,Alec Guinness,Adventure,2.891918,Released,0.00,53,268085
tt0114536,Jack Lemmon,Shirley MacLaine,Animation,1.522412,Released,6278139.00,53,164363
tt0117427,Cary Grant,Eva Marie Saint,Comedy,1.317878,Released,0.00,22,299198
tt0106473,James Stewart,Kim Novak,Family,0.86539,Released,0.00,57.1,364368
tt0103859,Gene Kelly,Gene Kelly,Drama,6.506983,Released,70100000.00,59,218957
tt0109424,Takashi Shimura,Nobuo Kaneko,Animation,6.778979,Released,0.00,57.1,68463
tt0114808,Lamberto Maggiorani,Enzo Staiola,Family,1.702639,Released,0.00,57.1,146427
tt0116324,Fred MacMurray,Barbara Stanwyck,Action,5.579088,Released,14702438.00,66,143525
tt0110647,Orson Welles,Joseph Cotten,Comedy,6.252377,Released,0.00,37,403351
tt0111055,Peter Lorre,Ellen Widmann,Adventure,0.406754,Released,0.00,52,143434
tt0110217,Brigitte Helm,Alfred Abel,Action,0.001178,Released,0.00,62,159992
tt0114131,Charles Chaplin,Edna Purviance,Animation,0.699066,Released,0.00,72,113314
tt0112364,Sushant Singh Rajput,Shraddha Kapoor,Comedy,2.197439,Released,0.00,57.1,33893
tt0113107,Vicky Kaushal,Paresh Rawal,Comedy,0.637554,Released,0.00,27,43444
tt0113451,Yash,Srinidhi Shetty,Comedy,11.418917,Released,9851610.00,51,36680
tt0114015,Viggo Mortensen,Mahershala Ali,Comedy,0.291021,Released,0.00,48,377884
tt0114500,Frances McDormand,Woody Harrelson,Action,0.001838,Released,0.00,39,432610
tt0116130,Irrfan Khan,Konkona Sen Sharma,Action,5.184977,Released,0.00,30,31142
tt0113125,Prabhas,Rana Daggubati,Comedy,0.276401,Released,0.00,42,75348
tt0113756,Carlos MartÃ­nez LÃ³pez,Jason Schwartzman,Animation,0.540436,Released,209935.00,57.1,104761
tt0113952,Ajay Devgn,Shriya Saran,Adventure,0.370342,Released,0.00,80,70367
tt0114618,Kangana Ranaut,Rajkummar Rao,Animation,0.001205,Released,0.00,48,60701
tt0118055,Lembit Ulfsak,Elmo NÃ¼ganen,Adventure,3.402749,Released,0.00,42,40382
tt0115685,Farhan Akhtar,Sonam Kapoor,Adventure,6.49968,Released,185260553.00,57.1,61137
tt0113200,Manoj Bajpayee,Richa Chadha,Animation,0.918504,Released,0.00,78,82365
tt0112585,Rajat Barmecha,Ronit Roy,Comedy,2.039196,Released,0.00,40,42341
tt0112442,Irrfan Khan,Mahie Gill,Adventure,9.262184,Released,141407024.00,57.1,33237
tt0112342,Ricardo DarÃ­n,Soledad Villamil,Biography,2.375865,Released,0.00,54,193217
tt0112461,Tom Hardy,Nick Nolte,Adventure,7.415144,Released,0.00,57.1,435950
tt0112427,Leonardo DiCaprio,Emily Mortimer,Adventure,0.922958,Released,851545.00,54,1129894
tt0109093,Bob Peterson,Edward Asner,Animation,1.759012,Released,0.00,35,935507
tt0112384,Leonardo DiCaprio,Jonah Hill,Comedy,18.761467,Released,355237933.00,56,1187498
tt0114287,Shah Rukh Khan,Vidya Malvade,Comedy,10.193549,Released,31596911.00,71,74129
tt0112288,Daniel Day0Lewis,Paul Dano,Animation,3.137285,Released,0.00,68,517359
tt0112462,Ivana Baquero,Ariadna Gil,Comedy,13.321354,Released,336529144.00,40,618623
tt0061395,Tom Hanks,Tim Allen,Adventure,10.142662,Released,0.00,57.1,757032
tt0112495,Hugo Weaving,Natalie Portman,Adventure,2.04189,Released,0.00,57.1,1032749
tt0112541,Aamir Khan,Soha Ali Khan,Biography,11.528147,Released,1275000.00,56,111937
tt0109370,Amitabh Bachchan,Rani Mukerji,Animation,5.391556,Released,178104.00,66,33354
tt0112642,Christian Bale,Michael Caine,Animation,12.812539,Released,287928194.00,49,1308302
tt0112688,Shah Rukh Khan,Gayatri Joshi,Drama,4.558992,Released,13071518.00,61,83005
tt0112715,Bruno Ganz,Alexandra Maria Lara,Comedy,7.260574,Released,152022101.00,57.1,331308
tt0112740,Chieko BaishÃ´,Takuya Kimura,Drama,8.657365,Released,157387195.00,57.1,333915
tt0109508,Russell Crowe,Ed Harris,Action,3.620388,Released,3174695.00,59,848920
tt0112851,Akshay Kumar,Sunil Shetty,Animation,6.950458,Released,25405445.00,81,57057
tt0112857,Jason Flemyng,Dexter Fletcher,Comedy,4.646132,Released,16140822.00,57.1,535216
tt0112864,Kevin Spacey,Russell Crowe,Drama,15.138855,Released,366101666.00,52,531967
tt0112887,Sener Sen,Ugur YÃ¼cel,Drama,7.120806,Released,0.00,67,64118
tt0113044,Al Pacino,Robert De Niro,Comedy,0.523575,Released,0.00,57.1,577113
tt0113071,Robert De Niro,Sharon Stone,Animation,15.178338,Released,127600435.00,43,466276
tt0113114,Aamir Khan,Salman Khan,Drama,7.575098,Released,0.00,64,49300
tt0113243,Clint Eastwood,Gene Hackman,Comedy,14.810519,Released,7563728.00,19,375935
tt0113464,Harrison Ford,Sean Connery,Comedy,3.196456,Released,0.00,36,692366
tt0113481,Davor Dujmovic,Bora Todorovic,Comedy,11.715868,Released,19075720.00,57.1,26402
tt0113492,Hitoshi Takagi,Noriko Hidaka,Animation,8.184815,Released,113493481.00,53,291180
tt0113500,Bruce Willis,Alan Rickman,Adventure,3.676921,Released,17014653.00,57.1,793164
tt0113540,Tatsuya Nakadai,Akira Terao,Drama,4.877872,Released,7412216.00,57.1,112505
tt0113677,Robert De Niro,Cathy Moriarty,Action,10.058329,Released,1148752.00,57.1,321860
tt0113690,Alisa Freyndlikh,Aleksandr Kaydanovskiy,Comedy,4.102409,Released,0.00,57.1,116945
tt0107447,Ingrid Bergman,Liv Ullmann,Comedy,0.354014,Released,0.00,88,26875
tt0113729,Anthony Quinn,Irene Papas,Adventure,2.624771,Released,15453274.00,60,43885
tt0113749,Sanjeev Kumar,Dharmendra,Comedy,8.25547,Released,2122561.00,53,51284
tt0113820,Terry Jones,Graham Chapman,Action,7.024227,Released,66000000.00,48,500875
tt0113851,Steve McQueen,James Garner,Adventure,1.01115,Released,0.00,55,224730
tt0110604,Gregory Peck,John Megna,Family,2.466066,Released,1.00,57.1,293811
tt0110620,ToshirÃ´ Mifune,EijirÃ´ TÃ´no,Animation,7.720056,Released,0.00,68,111244
tt0113957,Spencer Tracy,Burt Lancaster,Animation,13.304342,Released,110627965.00,81,69458
tt0113986,Marilyn Monroe,Tony Curtis,Animation,8.482834,Released,69660733.00,57.1,243943
tt0114095,Victor SjÃ¶strÃ¶m,Bibi Andersson,Biography,1.165039,Released,472370.00,54,96381
tt0114194,Max von Sydow,Gunnar BjÃ¶rnstrand,Comedy,10.187623,Released,16.00,36,164939
tt0114241,Jean Servais,Carl MÃ¶hner,Drama,0.119713,Released,0.00,57.1,28810
tt0114323,Ray Milland,Grace Kelly,Animation,8.180047,Released,0.00,45,158335
tt0114345,ChishÃ» RyÃ»,Chieko Higashiyama,Comedy,6.752119,Released,10382407.00,34,53153
tt0114435,ToshirÃ´ Mifune,Machiko KyÃ´,Action,0.159596,,0.00,57.1,152572
tt0114436,Bette Davis,Anne Baxter,Drama,17.502375,Released,20350754.00,57.1,120539
tt0114478,Humphrey Bogart,Walter Huston,Comedy,5.552946,Released,8349430.00,57.1,114304
tt0114496,Carole Lombard,Jack Benny,Animation,3.743212,Released,50892160.00,57.1,29915
tt0114508,Charles Chaplin,Mack Swain,Drama,13.492845,Released,113374103.00,80,101053
tt0114534,Buster Keaton,Kathryn McGuire,Biography,0.913522,Released,0.00,57.1,41985
tt0114558,NoÃ©mie Merlant,AdÃ¨le Haenel,Action,11.223055,Released,7959291.00,29,63134
tt0058450,Taapsee Pannu,Amitabh Bachchan,Adventure,8.133881,Released,0.00,57.1,39216
tt0114666,Miyu Irino,Saori Hayami,Animation,1.820419,Released,5780000.00,35,47708
tt0114663,Mario Casas,Ana Wagener,Animation,11.002046,Released,7025496.00,37,141516
tt0114702,Kim Min0hee,Jung0woo Ha,Animation,4.546552,Released,339889.00,57.1,113649
tt0114682,Anne Dorval,Antoine Olivier Pilon,Family,7.653446,Released,47774193.00,57.1,50700
tt0114781,Shahid Kapoor,Tabu,Adventure,7.490247,Released,104324083.00,89,50445
tt0114798,Hugh Jackman,Patrick Stewart,Animation,2.881689,Released,0.00,59,647884
tt0114805,Brie Larson,Jacob Tremblay,Crime,0.786023,Released,0.00,53,371538
tt0114887,DarÃ­o Grandinetti,MarÃ­a Marull,Adventure,9.715639,Released,50012507.00,35,177059
tt0114898,Kemp Powers,Jamie Foxx,Comedy,16.885184,Released,264218220.00,33,159171
tt0114928,Haluk Bilginer,Melisa SÃ¶zen,Drama,1.834099,Released,0.00,17,46547
tt0114938,Aamir Khan,Anushka Sharma,Animation,8.922139,Released,0.00,60,163061
tt0109340,Paresh Rawal,Akshay Kumar,Drama,3.727644,Released,0.00,32,51739
tt0112602,Ralph Fiennes,F. Murray Abraham,Comedy,3.287036,Released,0.00,57.1,707630
tt0111579,Ben Affleck,Rosamund Pike,Drama,2.486073,Released,2616503.00,57.1,859695
tt0110882,Aoi Miyazaki,Takao Osawa,Biography,3.525649,Released,763847.00,54,38803
tt0112471,Andrew Garfield,Sam Worthington,Comedy,11.304979,Released,5535405.00,77,435928
tt0112508,Ronnie Del Carmen,Amy Poehler,Animation,6.638116,Released,26488734.00,48,616228
tt0112438,Ranbir Kapoor,Priyanka Chopra,Adventure,2.761837,Released,0.00,34,75721
tt0112571,Chiwetel Ejiofor,Michael Kenneth Williams,Family,3.030309,Released,23450000.00,57.1,640533
tt0112757,Daniel BrÃ¼hl,Chris Hemsworth,Adventure,2.686342,Released,0.00,71,432811
tt0112643,Matt Damon,Christian Bale,Adventure,2.26977,Released,0.00,43,291289
tt0112679,Mark Ruffalo,Michael Keaton,Animation,2.605521,Released,0.00,57.1,420316
tt0109445,David Rawle,Brendan Gleeson,Animation,10.513367,Released,3151130.00,59,51679
tt0112883,Vidya Balan,Parambrata Chattopadhyay,Animation,7.438934,Released,22200000.00,69,57806
tt0109635,Hrithik Roshan,Farhan Akhtar,Comedy,11.812244,Released,214015089.00,57.1,67927
tt0112899,Hugh Jackman,Jake Gyllenhaal,Animation,0.155859,Released,0.00,57.1,601149
tt0109676,Tom Hardy,Charlize Theron,Animation,9.579155,Released,0.00,57.1,882316
tt0112854,Anupam Kher,Naseeruddin Shah,Comedy,0.710671,Released,0.00,53,73891
tt0109579,Clint Eastwood,Bee Vang,Action,5.484156,Released,0.00,39,720450
tt0109642,Daniel Radcliffe,Emma Watson,Comedy,5.8025,Released,0.00,57.1,764493
tt0109686,Masahiro Motoki,RyÃ´ko Hirosue,Drama,9.844558,Released,247275374.00,57.1,48582
tt0111797,Richard Gere,Joan Allen,Comedy,4.860016,Released,7294403.00,57.1,253575
tt0109759,Toni Collette,Philip Seymour Hoffman,Action,5.378467,Released,0.00,57.1,164462
tt0109758,Chris Sanders,Jay Baruchel,Comedy,4.322726,Released,6841570.00,57.1,666773
tt0109707,Emile Hirsch,Vince Vaughn,Comedy,11.720358,Released,5887457.00,47,572921
tt0113117,Joel Coen,Tommy Lee Jones,Comedy,9.146544,Released,0.00,57.1,856916
tt0113097,Sanjay Dutt,Arshad Warsi,Animation,16.236745,Released,0.00,57.1,43137
tt0113028,Hilary Swank,Clint Eastwood,Animation,2.657337,Released,0.00,37,635975
tt0113198,Don Cheadle,Sophie Okonedo,Comedy,10.177977,Released,35348597.00,39,334320
tt0113303,Jang Dong0Gun,Won Bin,Adventure,8.182165,Released,12201255.00,57.1,37820
tt0113089,Ethan Hawke,Julie Delpy,Action,4.953936,Released,0.00,53,236311
tt0109771,Sanjay Dutt,Arshad Warsi,Animation,8.935058,Released,0.00,25,73992
tt0113199,Kang0ho Song,Kim Sang0kyung,Comedy,0.398924,Released,3992809.00,47,139558
tt0113234,Aamir Khan,Saif Ali Khan,Comedy,0.090452,Released,0.00,57.1,66803
tt0109906,Uma Thurman,David Carradine,Family,1.012197,Released,0.00,33,1000639
tt0110057,Lee Unkrich,Albert Brooks,Animation,9.47666,Released,7830611.00,38,949565
tt0110005,Leonardo DiCaprio,Tom Hanks,Animation,9.438042,Released,3049135.00,60,832846
tt0110066,Emilio EchevarrÃ­a,Gael GarcÃ­a Bernal,Adventure,2.688562,Released,26325256.00,66,223741
tt0110116,David Silverman,Lee Unkrich,Comedy,7.983666,Released,0.00,69,815505
tt0110006,Kazuya Tsurumaki,Megumi Ogata,Adventure,9.546707,Released,17689177.00,57.1,38847
tt0113360,Aamir Khan,Raghuvir Yadav,Adventure,2.756986,Released,0.00,37,105036
tt0110099,Bruce Willis,Haley Joel Osment,Animation,5.146352,Released,0.00,61,911573
tt0110148,Tim Roth,Pruitt Taylor Vince,Comedy,11.970205,Released,223664608.00,57.1,59020
tt0113463,Jim Carrey,Ed Harris,Animation,1.596058,Released,2474000.00,77,939631
tt0110189,Bajram Severdzan,Srdjan 'Zika' Todorovic,Action,0.748846,Released,0.00,37,50862
tt0110216,Ethan Coen,Jeff Bridges,Animation,6.710215,Released,37000000.00,57.1,732620
tt0113501,Tony Chiu0Wai Leung,Maggie Cheung,Animation,9.195256,Released,0.00,73,124383
tt0113538,Ewan McGregor,Ewen Bremner,Action,5.874511,Released,0.00,34,634716
tt0113552,Ethan Coen,William H. Macy,Animation,7.797512,Released,0.00,47,617444
tt0076759,Predrag 'Miki' Manojlovic,Lazar Ristovski,Animation,42.149697,Released,775398007.00,70,55220
tt0110367,Vincent Cassel,Hubert KoundÃ©,Animation,9.774994,Released,0.00,57.1,150345
tt0113670,Shah Rukh Khan,Kajol,Drama,7.731725,Released,0.00,57.1,63516
tt0110296,Ethan Hawke,Julie Delpy,Adventure,0.84508,Released,0.00,62,272291
tt0109731,IrÃ¨ne Jacob,Jean0Louis Trintignant,Adventure,1.948315,Released,0.00,81,90729
tt0103994,Brigitte Lin,Takeshi Kaneshiro,Adventure,4.126083,Released,21665468.00,64,63122
tt0110322,Sam Neill,Laura Dern,Adventure,12.199047,Released,160638883.00,19,867615
tt0110443,Daniel Day0Lewis,Pete Postlethwaite,Animation,9.253362,Released,0.00,39,156842
tt0110365,Leslie Cheung,Fengyi Zhang,Animation,1.861292,Released,0.00,41,25088
tt0107566,Gong Li,Jingwu Ma,Drama,1.788829,Released,0.00,89,29662
tt0110391,Robin Williams,Robert Sean Leonard,Comedy,3.290192,Released,0.00,57.1,425457
tt0113691,Wil Wheaton,River Phoenix,Family,7.698526,Released,7603766.00,57.1,363401
tt0110428,Charlie Sheen,Tom Berenger,Animation,4.81307,Released,0.00,35,381222
tt0109836,Harry Dean Stanton,Nastassja Kinski,Adventure,14.287753,Released,112006296.00,43,91188
tt0113755,Sumi Shimamoto,Mahito Tsujimura,Animation,2.558118,Released,0.00,57.1,150924
tt0110538,Kurt Russell,Wilford Brimley,Drama,2.899608,Released,0.00,57.1,371271
tt0110516,Bob Geldof,Christine Hargreaves,Adventure,3.770115,Released,18137661.00,58,76081
tt0110527,Klaus Kinski,Claudia Cardinale,Biography,5.831622,Released,46264384.00,42,31595
tt0113808,Bertil Guve,Pernilla Allwin,Comedy,1.137266,Released,5.00,57.1,57784
tt0113896,Harrison Ford,Rutger Hauer,Drama,3.121288,Released,0.00,57.1,693827
tt0113870,Anthony Hopkins,John Hurt,Action,9.518564,Released,17381942.00,57.1,220078
tt0110684,Graham Chapman,John Cleese,Action,2.891269,Released,0.00,42,367250
tt0110638,Robert De Niro,Christopher Walken,Comedy,5.930957,Released,106683817.00,52,311361
tt0113967,Sylvester Stallone,Talia Shire,Adventure,0.629955,Released,0.00,77,518546
tt0117169,Faye Dunaway,William Holden,Animation,0.004537,Released,0.00,57.1,144911
tt0106402,Ryan O'Neal,Marisa Berenson,Comedy,0.426952,Released,0.00,45,149843
tt0113948,Margarita Terekhova,Filipp Yankovskiy,Animation,1.466491,Released,0.00,57.1,40081
tt0110671,Jack Nicholson,Faye Dunaway,Animation,0.769522,Released,0.00,57.1,294230
tt0110632,Ryan O'Neal,Tatum O'Neal,Comedy,11.226856,Released,50282766.00,48,42285
tt0110737,Harriet Andersson,Liv Ullmann,Drama,4.936761,Released,0.00,57.1,30206
tt0110729,Natalya Bondarchuk,Donatas Banionis,Animation,4.025276,Released,2201126.00,79,81021
tt0114151,Alain Delon,FranÃ§ois PÃ©rier,Adventure,6.448039,Released,0.00,84,45434
tt0114069,Paul Newman,George Kennedy,Adventure,13.676444,Released,189859560.00,57.1,161984
tt0110413,Bibi Andersson,Liv Ullmann,Adventure,20.477329,Released,45284974.00,29,103191
tt0114113,Anatoliy Solonitsyn,Ivan Lapikov,Animation,1.433544,Released,2832826.00,57.1,46947
tt0114210,Brahim Hadjadj,Jean Martin,Action,0.463307,Released,0.00,46,53089
tt0110912,Silvia Pinal,Jacqueline Andere,Comedy,140.950236,Released,213928762.00,48,29682
tt0114084,Bette Davis,Joan Crawford,Adventure,7.160149,Released,6834525.00,38,50058
tt0105652,ToshirÃ´ Mifune,Tatsuya Nakadai,Comedy,1.638622,Released,152322.00,58,33044
tt0110889,James Stewart,John Wayne,Adventure,1.881932,Released,4176932.00,31,68827
tt0110932,Eduard Abalov,Nikolay Burlyaev,Adventure,7.772505,Released,0.00,57.1,31728
tt0114129,Max von Sydow,Birgitta Valberg,Drama,1.296912,Released,0.00,57.1,26697
tt0110963,Spencer Tracy,Fredric March,Animation,4.405405,Released,0.00,55,27254
tt0114214,Jean0Pierre LÃ©aud,Albert RÃ©my,Animation,7.54701,Released,18552460.00,67,105291
tt0114296,Charlton Heston,Jack Hawkins,Animation,3.395867,Released,12400000.00,74,219466
tt0110907,ToshirÃ´ Mifune,Misa Uehara,Adventure,6.259433,Released,11300653.00,70,34797
tt0111495,Giulietta Masina,FranÃ§ois PÃ©rier,Comedy,7.832755,Released,0.00,57.1,42940
tt0108394,ToshirÃ´ Mifune,Minoru Chiaki,Comedy,8.843517,Released,0.00,57.1,46678
tt0111507,William Holden,Alec Guinness,Adventure,6.5898,Released,0.00,60,203463
tt0110769,Marlon Brando,Karl Malden,Action,0.078257,Released,0.00,27,142107
tt0114268,Yves Montand,Charles Vanel,Action,1.155255,Released,0.00,40,54588
tt0110965,Kirk Douglas,Jan Sterling,Drama,0.499601,Released,0.00,59,31568
tt0114571,James Cagney,Virginia Mayo,Adventure,1.390885,Released,0.00,64,29807
tt0111333,Orson Welles,Joseph Cotten,Animation,8.910462,Released,9771658.00,60,158731
tt0111112,Emeric Pressburger,Anton Walbrook,Biography,1.750481,Released,0.00,57.1,30935
tt0111255,Margaret Sullavan,James Stewart,Drama,10.388183,Released,170362582.00,76,28450
tt0111282,Laurence Olivier,Joan Fontaine,Adventure,13.328924,Released,196567262.00,61,123942
tt0111070,James Stewart,Jean Arthur,Action,9.665424,Released,189833357.00,69,107017
tt0111161,George Cukor,Sam Wood,Drama,51.645403,Released,28341469.00,72,290074
tt0111149,Jean Gabin,Dita Parlo,Animation,8.223026,Released,0.00,57.1,33829
tt0108260,Clark Gable,Claudette Colbert,Action,1.298224,Released,102780.00,64,94016
tt0106966,Maria Falconetti,Eugene Silvain,Biography,1.777197,Released,0.00,75,47676
tt0114594,Charles Chaplin,Merna Kennedy,Action,5.869261,Released,0.00,26,30205
tt0111309,George O'Brien,Janet Gaynor,Adventure,1.407427,Released,0.00,84,46865
tt0113936,Buster Keaton,Buster Keaton,Adventure,5.05806,Released,0.00,72,81156
tt0110081,Werner Krauss,Conrad Veidt,Animation,5.260627,Released,0.00,50,57428
tt0114614,Ayushmann Khurrana,Neena Gupta,Animation,7.602087,Released,4064495.00,69,27978
tt0114608,Willem Dafoe,Julianne Nicholson,Adventure,9.455342,Released,0.00,36,37556
tt0111280,Akshay Kumar,Nimrat Kaur,Comedy,8.105708,Released,120000000.00,35,52897
tt0114609,Salman Khan,Harshaali Malhotra,Animation,2.86007,Released,12000000.00,36,72245
tt0111454,Akshay Kumar,Danny Denzongpa,Comedy,0.704204,Released,0.00,54,52848
tt0114852,Ryan Gosling,Emma Stone,Animation,6.529879,Released,0.00,57.1,505918
tt0114694,Dev Patel,Nicole Kidman,Animation,11.971318,Released,32648673.00,71,213970
tt0111590,Matt Damon,Jessica Chastain,Animation,7.039846,Released,0.00,65,760094
tt0114788,Rich Moore,Jared Bush,Action,2.059771,Released,0.00,41,434143
tt0114888,Prabhas,Rana Daggubati,Animation,0.620873,Released,0.00,57.1,102972
tt0108550,ChloÃ« Grace Moretz,James Caan,Comedy,10.3919,Released,10032765.00,47,38746
tt0114857,Jacob Tremblay,Owen Wilson,Comedy,5.188399,Released,24048000.00,38,141923
tt0114924,Vijay Varma,Nakul Roshan Sahdev,Animation,15.783615,Released,182057016.00,61,31886
tt0111667,Akshay Kumar,Anupam Kher,Animation,3.908596,Released,0.00,57.1,51069
tt0109655,Brie Larson,Frantz Turner,Drama,0.372239,Released,759393.00,49,81770
tt0110598,Iko Uwais,Yayan Ruhian,Drama,5.254847,Released,15119639.00,57.1,114316
tt0112435,Benedict Cumberbatch,Keira Knightley,Comedy,2.15805,Released,0.00,55,685201
tt0109040,Chris Pratt,Vin Diesel,Biography,11.247957,Released,107217396.00,47,1043455
tt0109045,Harrison Ford,Ryan Gosling,Animation,8.328596,Released,11220670.00,53,461823
tt0106339,Joaquin Phoenix,Amy Adams,Adventure,2.487951,Released,0.00,57.1,540772
tt0104779,Rami Malek,Lucy Boynton,Animation,11.298195,Released,1862805.00,35,450349
tt0109348,Leonardo DiCaprio,Tom Hardy,Adventure,5.72288,Released,0.00,39,705589
tt0109444,Logan Lerman,Emma Watson,Action,7.513245,Released,215887717.00,51,462252
tt0109446,Wagner Moura,Irandhir Santos,Comedy,15.263829,Released,117615211.00,46,79200
tt0109484,Colin Firth,Geoffrey Rush,Animation,6.924689,Released,0.00,71,639603
tt0109504,Emma Stone,Viola Davis,Comedy,2.533022,Released,0.00,42,428521
tt0109506,Ryan Reynolds,Morena Baccarin,Comedy,15.799336,Released,94000000.00,57.1,902669
tt0109450,Golshifteh Farahani,Shahab Hosseini,Action,2.583363,Released,1007583.00,57.1,45803
tt0109813,Abhay Deol,Mahie Gill,Animation,15.019586,Released,341631208.00,65,28749
tt0109830,Donnie Yen,Simon Yam,Adventure,48.307194,Released,677945399.00,39,211427
tt0109831,Shah Rukh Khan,Kajol,Action,8.990345,Released,254700832.00,16,98575
tt0113305,Erdem Can,Mete Horozoglu,Adventure,7.817811,Released,38290723.00,32,31838
tt0110091,Loveleen Tandan,Dev Patel,Adventure,0.289295,Released,1777020.00,27,798882
tt0110093,Natalie Portman,Mila Kunis,Animation,3.570874,Released,61947267.00,43,699673
tt0110167,Wagner Moura,AndrÃ© Ramiro,Comedy,11.272073,Released,0.00,57.1,98097
tt0110213,Robert Downey Jr.,Chris Evans,Comedy,10.714235,Released,0.00,57.1,1260806
tt0107472,Marjane Satrapi,Chiara Mastroianni,Comedy,0.568884,Released,449707.00,57,88656
tt0110357,Matthew McConaughey,Jennifer Garner,Comedy,21.605761,Released,788241776.00,57,441614
tt0107426,Will Smith,Thandie Newton,Comedy,5.681522,Released,4858139.00,66,448930
tt0111686,Leonardo DiCaprio,Djimon Hounsou,Comedy,9.860522,Released,18090181.00,48,499439
tt0110475,Matt Damon,Edgar RamÃ­rez,Animation,14.13488,Released,351583407.00,41,604694
tt0110478,Seung0Yun Lee,Hee Jae,Drama,15.050326,Released,0.00,57.1,50610
tt0110588,Quentin Tarantino,Robert Rodriguez,Animation,4.739054,Released,0.00,50,738512
tt0110622,Laura Obiols,Mathieu Amalric,Adventure,10.587232,Released,51132598.00,42,103284
tt0110771,Cem Yilmaz,Ã–zge Ã–zberk,Drama,4.006063,Released,0.00,41,56960
tt0110950,Jan Pinkava,Brad Garrett,Comedy,6.514592,Released,20079850.00,94,641645
tt0105226,Daniel Craig,Eva Green,Action,5.137903,Released,2000000.00,47,582239
tt0110989,Uma Thurman,David Carradine,Family,6.595255,Released,0.00,52,683900
tt0111054,Vladimir Garin,Ivan Dobronravov,Comedy,4.931565,Released,0.00,57.1,42399
tt0110997,Ki0duk Kim,Yeong0su Oh,Action,10.511241,Released,0.00,57.1,77520
tt0111257,Javier Bardem,BelÃ©n Rueda,Adventure,10.859292,Released,350448145.00,69,77554
tt0111256,Russell Crowe,RenÃ©e Zellweger,Action,2.334226,Released,0.00,13,176151
tt0111438,Preity Zinta,Shah Rukh Khan,Animation,8.907074,Released,101646581.00,57.1,63460
tt0111503,Alan Mak,Andy Lau,Drama,11.396099,Released,378882411.00,58,117857
tt0111693,Johnny Depp,Geoffrey Rush,Animation,4.322544,Released,50021959.00,39,1015122
tt0111742,Ewan McGregor,Albert Finney,Animation,14.063845,Released,0.00,74,415218
tt0111756,Craig T. Nelson,Samuel L. Jackson,Animation,9.277147,Released,25052000.00,54,657047
tt0112443,Tae0Hyun Cha,Jun Ji0Hyun,Adventure,0.912415,Released,0.00,57.1,45403
tt0110455,Nicole Kidman,Paul Bettany,Comedy,0.406113,Released,953.00,39,137963
tt0111048,Ã–mer Faruk Sorak,Yilmaz Erdogan,Animation,2.504529,Released,0.00,57.1,33592
tt0110399,Jake Gyllenhaal,Jena Malone,Animation,3.021526,Released,29392418.00,50,740086
tt0112570,Tom Cruise,Jason Robards,Comedy,0.054148,Released,0.00,47,289742
tt0109454,BjÃ¶rk,Catherine Deneuve,Animation,0.934312,Released,0.00,73,102285
tt0059170,Richard Farnsworth,Sissy Spacek,Action,4.220541,Released,0.00,36,82002
tt0110186,Junko Iwao,Rica Matsumoto,Animation,0.912909,Released,20851521.00,41,58192
tt0108069,Ulrich Thomsen,Henning Moritzen,Comedy,0.381704,Released,0.00,49,78341
tt0111301,Fernanda Montenegro,VinÃ­cius de Oliveira,Animation,13.58449,Released,99423521.00,57.1,36419
tt0112702,Eli Marienthal,Harry Connick Jr.,Animation,2.342756,Released,0.00,57.1,172083
tt0112849,Til Schweiger,Jan Josef Liefers,Comedy,0.251223,Released,0.00,48,27721
tt0113014,Billy Bob Thornton,Dwight Yoakam,Comedy,1.108494,Released,0.00,57.1,86838
tt0113043,Timothy Spall,Brenda Blethyn,Animation,0.268043,Released,0.00,57.1,37564
tt0113104,Bruce Willis,Madeleine Stowe,Comedy,0.142357,Released,0.00,57.1,578443
tt0113173,Atsuko Tanaka,Iemasa Kayumi,Comedy,0.405392,Released,0.00,30,129231
tt0113319,Danny Elfman,Chris Sarandon,Animation,0.014925,Released,0.00,85,300208
tt0113827,Bill Murray,Andie MacDowell,Drama,0.302957,Released,0.00,66,577991
tt0114047,Damian Chapa,Jesse Borrego,Action,0.012456,Released,0.00,47,28825
tt0112889,Al Pacino,Chris O'Donnell,Animation,0.233376,Released,0.00,42,263918
tt0109339,John Musker,Scott Weinger,Action,0.0368,Released,0.00,57.1,373845
tt0110027,Kevin Costner,Gary Oldman,Animation,6.866634,Released,36800000.00,34,142110
tt0109785,Kirk Wise,Paige O'Hara,Animation,0.100685,Released,0.00,45,417178
tt0113409,Kevin Costner,Mary McDonnell,Adventure,8.497643,Released,8946600.00,57.1,240266
tt0109021,Danny Aiello,Ossie Davis,Adventure,1.888534,Released,0.00,50,89429
tt0109035,Dustin Hoffman,Tom Cruise,Action,4.38154,Released,0.00,55,473064
tt0106220,Mitsuo Iwata,Nozomu Sasaki,Animation,17.555909,Released,48919043.00,83,164918
tt0111804,Cary Elwes,Mandy Patinkin,Adventure,0.394194,Released,0.00,34,393899
tt0106226,Bruno Ganz,Solveig Dommartin,Animation,8.013617,Released,32255440.00,62,64722
tt0109068,Gaspard Manesse,Raphael FejtÃ¶,Animation,7.09232,Released,0.00,72,31163
tt0109067,Mayumi Tanaka,Keiko Yokozawa,Adventure,1.896273,Released,21011500.00,45,150140
tt0106292,Arnold Schwarzenegger,Linda Hamilton,Action,12.967239,Released,0.00,31,799795
tt0109198,Ben Kingsley,John Gielgud,Comedy,14.644772,Released,15240435.00,24,217664
tt0109219,Tatsuya Nakadai,Tsutomu Yamazaki,Comedy,1.632711,Released,0.00,38,32195
tt0106379,Peter Sellers,Shirley MacLaine,Animation,2.783872,Released,0.00,59,65625
tt0106400,Woody Allen,Diane Keaton,Action,5.673735,Released,0.00,57.1,251823
tt0109254,Roy Scheider,Robert Shaw,Adventure,11.787784,Released,119208989.00,52,543388
tt0109279,Al Pacino,John Cazale,Comedy,8.398845,Released,0.00,51,235652
tt0109297,Gene Wilder,Madeline Kahn,Comedy,3.00282,Released,16668552.00,53,143359
tt0109303,Steve McQueen,Dustin Hoffman,Animation,13.155071,Released,30156002.00,89,121627
tt0109305,Ellen Burstyn,Max von Sydow,Action,6.131056,Released,0.00,64,362393
tt0109306,Laurence Olivier,Michael Caine,Animation,4.993829,Released,0.00,96,44748
tt0106452,Timothy Bottoms,Jeff Bridges,Adventure,6.559693,Released,428868.00,33,42456
tt0106471,Topol,Norma Crane,Adventure,4.304224,Released,1796389.00,68,39491
tt0106489,Jean0Louis Trintignant,Stefania Sandrelli,Animation,6.115628,Released,17287898.00,87,27067
tt0109361,Paul Newman,Robert Redford,Animation,1.679042,Released,3662459.00,72,201888
tt0106505,Mia Farrow,John Cassavetes,Comedy,1.316741,Released,2570145.00,34,193674
tt0106519,Charlton Heston,Roddy McDowall,Animation,8.698509,Released,36516012.00,46,165167
tt0109439,Dustin Hoffman,Anne Bancroft,Animation,8.605703,Released,0.00,57.1,253676
tt0109443,Elizabeth Taylor,Richard Burton,Comedy,2.724621,Released,7355425.00,42,68926
tt0106582,Julie Andrews,Christopher Plummer,Action,9.830853,Released,255000211.00,66,205425
tt0106598,Omar Sharif,Julie Christie,Adventure,10.722729,Released,0.00,43,69903
tt0109456,Clint Eastwood,Gian Maria VolontÃ¨,Adventure,14.228963,Released,19726050.00,30,198219
tt0109480,Marcello Mastroianni,Anouk AimÃ©e,Animation,7.042878,Released,0.00,53,108844
tt0109493,Anna Karina,Sady Rebbot,Adventure,4.286279,Released,0.00,50,28057
tt0106660,Paul Newman,Jackie Gleason,Action,2.70097,Released,0.00,41,75067
tt0106673,Marcello Mastroianni,Anita Ekberg,Animation,13.696394,Released,63000000.00,30,66621
tt0106677,John Wayne,Dean Martin,Drama,6.8652,Released,7993039.00,57.1,56305
tt0106697,James Stewart,Lee Remick,Adventure,11.626116,Released,159055768.00,37,59847
tt0109729,Charlton Heston,Orson Welles,Adventure,0.408159,Released,0.00,46,98431
tt0106834,Elizabeth Taylor,Paul Newman,Adventure,2.970724,Released,0.00,57.1,45062
tt0106873,Burt Lancaster,Tony Curtis,Adventure,3.555139,Released,0.00,48,28137
tt0106332,Sterling Hayden,Coleen Gray,Animation,4.875827,Released,0.00,62,81702
tt0109783,Robert Mitchum,Shelley Winters,Animation,1.344876,Released,0.00,40,81980
tt0106881,Anthony Quinn,Giulietta Masina,Animation,9.284624,Released,0.00,39,58314
tt0106880,Simone Signoret,VÃ©ra Clouzot,Animation,0.985441,Released,0.00,48,61503
tt0111732,William Holden,Don Taylor,Animation,2.969003,Released,0.00,57.1,51046
tt0106926,Gregory Peck,Audrey Hepburn,Animation,1.896869,Released,9488998.00,59,127256
tt0111712,Vivien Leigh,Marlon Brando,Animation,0.409427,Released,0.00,64,99182
tt0106941,Humphrey Bogart,Gloria Grahame,Adventure,8.468869,Released,11146270.00,69,26784
tt0106918,Dennis Price,Alec Guinness,Adventure,9.678367,Released,270248367.00,24,34485
tt0106965,James Stewart,John Dall,Animation,5.990572,Released,153698625.00,39,129783
tt0109842,Robert Mitchum,Jane Greer,Biography,3.970215,Released,0.00,61,32784
tt0106977,Celia Johnson,Trevor Howard,Animation,10.08937,Released,368875760.00,53,35601
tt0107004,Gene Tierney,Dana Andrews,Animation,4.653462,Released,18635620.00,57.1,42725
tt0109890,Myrna Loy,Dana Andrews,Comedy,14.214403,Released,30.00,41,57259
tt0109891,Cary Grant,Priscilla Lane,Animation,2.410545,Released,0.00,70,65101
tt0109913,Humphrey Bogart,Mary Astor,Animation,0.775898,Released,0.00,59,148928
tt0109920,Henry Fonda,Jane Darwell,Adventure,5.22583,Released,0.00,40,85559
tt0107057,George Cukor,Mervyn LeRoy,Animation,5.385108,Released,22886222.00,74,371379
tt0107076,Marcel Dalio,Nora Gregor,Animation,7.834351,Released,74189677.00,38,26725
tt0107096,William Powell,Myrna Loy,Comedy,4.190541,Released,0.00,67,26642
tt0107144,Lew Ayres,Louis Wolheim,Animation,13.482371,Released,133752825.00,65,57318
tt0113674,Aleksandr Antonov,Vladimir Barskiy,Comedy,2.138959,Released,0.00,42,53054
tt0112966,Daniel Craig,Chris Evans,Biography,5.331753,Released,0.00,35,454203
tt0107151,Sushant Singh Rajput,Sanjana Sanghi,Comedy,10.687795,Released,0.00,24,111478
tt0110064,Lily Franky,Sakura AndÃ´,Comedy,0.996047,Released,0.00,37,62754
tt0110074,Adam Driver,Scarlett Johansson,Animation,7.550545,Released,0.00,57.1,246644
tt0110097,Armie Hammer,TimothÃ©e Chalamet,Animation,1.742974,Released,0.00,70,212651
tt0110123,Laura Obiols,Dave Johns,Drama,6.071466,Released,28881266.00,59,53818
tt0107206,Bryan Cranston,Koyu Rankin,Animation,12.637158,Released,176997168.00,48,139114
tt0107207,Sam Neill,Julian Dennison,Action,7.405895,Released,65796862.00,36,111483
tt0110137,Viggo Mortensen,George MacKay,Animation,0.613335,Released,8880705.00,65,189400
tt0108551,Ferdia Walsh0Peelo,Aidan Gillen,Animation,14.820883,Released,0.00,43,85109
tt0110197,Chris Hemsworth,Tom Hiddleston,Comedy,4.563989,Released,0.00,46,587775
tt0107286,Jake Gyllenhaal,Rene Russo,Action,5.538671,Released,12136938.00,52,466134
tt0107290,Roman Griffin Davis,Thomasin McKenzie,Biography,8.863776,Released,920100000.00,67,297918
tt0107302,Amy Adams,Jeremy Renner,Comedy,8.4337,Released,2395231.00,55,594181
tt0110265,Daisy Ridley,John Boyega,Adventure,4.948569,Released,418961.00,76,860823
tt0107322,Ethan Hawke,Julie Delpy,Animation,4.375347,Released,0.00,91,141457
tt0110305,Patrick Stewart,Ian McKellen,Comedy,3.645342,Released,0.00,38,659763
tt0107362,Muhammet Uzuner,Yilmaz Erdogan,Action,9.434006,Released,137298489.00,71,41995
tt0107413,Jean Dujardin,BÃ©rÃ©nice Bejo,Adventure,6.446229,Released,0.00,47,230624
tt0110353,Tom Cruise,Emily Blunt,Action,2.913584,Released,0.00,46,600004
tt0107468,Jean0Louis Trintignant,Emmanuelle Riva,Comedy,6.516976,Released,1499795.00,57,93090
tt0107478,Robert De Niro,Al Pacino,Animation,5.43085,Released,0.00,51,324720
tt0107497,Tahar Rahim,Niels Arestrup,Comedy,9.861672,Released,46405336.00,57.1,93560
tt0107501,Sam Rockwell,Kevin Spacey,Adventure,5.997712,Released,24760338.00,60,335152
tt0107507,KÃ¥re Hedebrant,Lina Leandersson,Animation,8.939404,Released,11285588.00,54,205609
tt0107554,Sharlto Copley,David James,Comedy,5.260924,Released,27900000.00,30,638202
tt0116253,Mickey Rourke,Marisa Tomei,Comedy,13.106291,Released,121969216.00,44,289415
tt0074102,Shahid Kapoor,Kareena Kapoor,Adventure,8.932494,Released,0.00,57.1,47720
tt0111689,Ellar Coltrane,Patricia Arquette,Adventure,0.534606,Released,0.00,63,335533
tt0107616,Anamaria Marinca,Laura Vasiliu,Comedy,8.62724,Released,0.00,57.1,56625
tt0107611,Chris Pine,Zachary Quinto,Drama,6.579753,Released,0.00,57.1,577336
tt0107613,Colin Farrell,Brendan Gleeson,Comedy,13.011091,Released,0.00,56,390334
tt0107614,David Lee Smith,Tony Todd,Animation,11.16553,Released,441286195.00,80,174125
tt0107653,Ken Watanabe,Kazunari Ninomiya,Drama,8.665198,Released,0.00,77,154011
tt0110657,Lee Pace,Catinca Untaru,Drama,9.9697,Released,15826984.00,57.1,107290
tt0110649,Suraj Sharma,Irrfan Khan,Action,0.596207,Released,0.00,69,580708
tt0110678,George Clooney,Meryl Streep,Animation,9.715187,Released,15340000.00,55,199696
tt0110687,Michel CÃ´tÃ©,Marc0AndrÃ© Grondin,Comedy,15.534707,Released,0.00,56,31476
tt0107756,GÃ©rard Jugnot,FranÃ§ois BerlÃ©and,Animation,3.800785,Released,0.00,70,57430
tt0107808,Robert Downey Jr.,Gwyneth Paltrow,Drama,8.040589,Released,135130999.00,72,939644
tt0107818,Simon Pegg,Nick Frost,Adventure,13.373006,Released,206678440.00,57.1,512249
tt0107822,Birol Ãœnel,Sibel Kekilli,Adventure,7.436758,Released,116700000.00,51,51325
tt0107840,Sean Penn,Tim Robbins,Comedy,6.972599,Released,27515786.00,77,419420
tt0107889,Daniel Radcliffe,Emma Watson,Animation,3.199976,Released,23042200.00,51,552493
tt0111003,Jet Li,Tony Chiu0Wai Leung,Drama,7.272296,Released,8638072.00,39,173999
tt0110939,Rosario Flores,Javier CÃ¡mara,Adventure,8.506727,Released,0.00,83,104691
tt0110955,Branko Djuric,Rene Bitorajac,Animation,5.868677,Released,11439193.00,46,44618
tt0107943,Tensai Okamura,Hiroyuki Okiura,Animation,12.222576,Released,23237911.00,61,42897
tt0110971,Franka Potente,Matt Damon,Animation,4.985157,Released,24332324.00,84,508771
tt0107969,Ricardo DarÃ­n,GastÃ³n Pauls,Comedy,6.279082,Released,107198790.00,54,49721
tt0111001,Julianne Moore,Clive Owen,Action,3.416181,Released,0.00,57.1,465113
tt0107978,Billy Crudup,Patrick Fugit,Comedy,8.685798,Released,10696210.00,54,252586
tt0107977,Naomi Watts,Laura Harring,Comedy,17.136672,Released,35739755.00,42,322031
tt0107983,Ash Brannon,Lee Unkrich,Animation,9.796318,Released,3275585.00,58,527512
tt0105275,Mark Wahlberg,Julianne Moore,Adventure,5.157926,Released,0.00,53,239473
tt0108000,Yoko Honna,Issey Takahashi,Comedy,0.941994,Released,1001437.00,47,51943
tt0108002,Rena Owen,Temuera Morrison,Animation,5.914833,Released,22750363.00,39,31590
tt0108026,Christian Slater,Patricia Arquette,Animation,1.065843,Released,0.00,59,206918
tt0105032,Juliette Binoche,Zbigniew Zamachowski,Family,1.031556,Released,0.00,57.1,89836
tt0108052,KÃ´ichi Yamadera,Emi Shinohara,Adventure,41.725123,Released,321365567.00,55,34529
tt0111094,Al Pacino,Sean Penn,Animation,5.715608,Released,0.00,59,201000
tt0108065,Johnny Depp,Winona Ryder,Adventure,12.048587,Released,7266383.00,71,447368
tt0111102,Daniel Day0Lewis,Brenda Fricker,Comedy,0.882596,Released,0.00,46,68076
tt0108071,Martin Landau,Woody Allen,Animation,6.499523,Released,0.00,56,54670
tt0111127,Kevin Costner,Sean Connery,Animation,5.305311,Released,7820688.00,87,281842
tt0111143,Mia Farrow,Dianne Wiest,Comedy,7.881107,Released,48063435.00,33,67176
tt0108101,Jonathan Pryce,Kim Greist,Animation,2.96586,Released,0.00,99,187567
tt0108122,Rob Reiner,Michael McKean,Action,8.829337,Released,6110979.00,36,128812
tt0111194,Peter Billingsley,Melinda Dillon,Adventure,4.13516,Released,0.00,33,132947
tt0111201,John Belushi,Dan Aykroyd,Animation,2.86213,Released,7770731.00,58,183182
tt0108149,Woody Allen,Diane Keaton,Animation,8.730025,Released,0.00,66,131436
tt0108160,Roy Scheider,Jessica Lange,Animation,10.234919,Released,227799884.00,73,28223
tt0108162,David Emge,Ken Foree,Adventure,11.23297,Released,116300000.00,34,111512
tt0083658,Dustin Hoffman,Robert Redford,Comedy,96.272374,Released,33139618.00,57,103031
tt0108186,Alejandro Jodorowsky,Horacio Salinas,Animation,9.122718,Released,36448200.00,59,37183
tt0108174,Magali NoÃ«l,Bruno Zanin,Drama,8.051914,Released,11585483.00,57.1,39897
tt0108238,Fernando Rey,Delphine Seyrig,Comedy,13.390917,Released,0.00,54,38737
tt0089256,Klaus Kinski,Ruy Guerra,Animation,1.825468,Released,0.00,57,52397
tt0108255,Ruth Gordon,Bud Cort,Comedy,7.198455,Released,20915465.00,76,70826
tt0111323,George C. Scott,Karl Malden,Adventure,3.644641,Released,7690013.00,57.1,93741
tt0111400,William Holden,Ernest Borgnine,Comedy,8.012225,Released,16478900.00,47,77401
tt0108328,Duane Jones,Judith O'Dea,Animation,0.873068,Released,0.00,53,116557
tt0111418,Peter O'Toole,Katharine Hepburn,Comedy,10.82236,Released,0.00,57,29003
tt0107688,Sidney Poitier,Rod Steiger,Adventure,17.730913,Released,75634409.00,40,67804
tt0108333,Cary Grant,Audrey Hepburn,Action,6.34785,Released,53898845.00,36,68689
tt0108358,Frank Sinatra,Laurence Harvey,Animation,11.338194,Released,56505065.00,57.1,71122
tt0111488,Kirk Douglas,Laurence Olivier,Animation,0.85586,Released,0.00,57.1,124339
tt0108399,Gabriele Ferzetti,Monica Vitti,Crime,17.189328,Released,12281551.00,67,26542
tt0108515,Emmanuelle Riva,Eiji Okada,Adventure,1.273617,Released,0.00,68,28421
tt0110763,Charlton Heston,Yul Brynner,Animation,7.436001,Released,13670688.00,50,63560
tt0107779,John Wayne,Jeffrey Hunter,Adventure,0.741522,Released,0.00,47,80316
tt0109226,James Dean,Raymond Massey,Animation,0.38247,Released,0.00,48,40313
tt0110259,Gary Cooper,Grace Kelly,Comedy,0.422224,Released,0.00,57.1,97222
tt0114906,Farley Granger,Robert Walker,Animation,5.14056,Released,0.00,55,123341
tt0107002,James Stewart,Wallace Ford,Drama,2.759302,Released,0.00,57.1,52573
tt0109403,Edmund Gwenn,Maureen O'Hara,Comedy,9.85327,Released,1596687.00,42,41625
tt0104029,Cary Grant,Ingrid Bergman,Adventure,5.513024,Released,0.00,61,92306
tt0110623,Humphrey Bogart,Lauren Bacall,Animation,0.449733,Released,0.00,65,78796
tt0107315,Ray Milland,Jane Wyman,Animation,3.647321,Released,0.00,69,33549
tt0106408,Cary Grant,Katharine Hepburn,Adventure,0.441585,Released,0.00,58,63550
tt0110363,Cary Grant,Rosalind Russell,Animation,1.960563,Released,0.00,45,53667
tt0107349,William Keighley,Errol Flynn,Adventure,1.764582,Released,0.00,58,47175
tt0111709,Edmund Goulding,Groucho Marx,Animation,0.00015,Released,0.00,78,30580
tt0109828,Ernest B. Schoedsack,Fay Wray,Action,0.002789,Released,0.00,36,78991
tt0107225,Wallace Ford,Leila Hyams,Drama,3.456868,Released,0.00,74,42117
tt0111252,Max Schreck,Alexander Granach,Animation,2.799575,Released,0.00,76,88794
tt0110366,Matthew McConaughey,Charlie Hunnam,Action,6.707109,Released,67308282.00,45,237392
tt0106878,Alia Bhatt,Vicky Kaushal,Biography,8.20E-05,Released,0.00,71,25344
tt0109120,Riz Ahmed,Olivia Cooke,Animation,3.139316,Released,0.00,65,27187
tt0108059,Shahab Hosseini,Taraneh Alidoosti,Drama,0.046196,Released,0.00,49,51240
tt0110892,Fionn Whitehead,Barry Keoghan,Action,1.943323,Released,3021629.00,57.1,555092
tt0112651,Giuseppe Battiston,Anna Foglietta,Adventure,6.784687,Released,0.00,51,57168
tt0107642,Taraji P. Henson,Octavia Spencer,Animation,1.040873,Released,0.00,66,200876
tt0109382,Ben Whishaw,Hugh Grant,Animation,2.904734,Released,0.00,78,61594
tt0106678,Shahid Kapoor,Alia Bhatt,Animation,1.213481,Released,0.00,48,27175
tt0112572,Charlize Theron,Art Parkinson,Animation,4.233092,Released,0.00,55,118035
tt0099785,Sushant Singh Rajput,Kiara Advani,Action,0.702543,Released,476684675.00,57.1,40416
tt0099653,Casey Affleck,Michelle Williams,Comedy,11.945397,Released,505000000.00,37,246963
tt0103639,Roland MÃ¸ller,Louis Hofmann,Adventure,16.357419,Released,504050219.00,53,35539
tt0103064,Felicity Jones,Diego Luna,Comedy,22.661695,Released,520000000.00,56,556608
tt0099348,Joe Russo,Chris Evans,Adventure,11.654349,Released,424208848.00,49,663649
tt0114706,Samuel L. Jackson,Kurt Russell,Adventure,0.426887,Released,0.00,75,517059
tt0096895,Saoirse Ronan,Emma Watson,Comedy,19.10673,Released,411348924.00,27,143250
tt0102926,Hugh Welchman,Douglas Booth,Animation,4.307222,Released,272742922.00,59,50778
tt0029583,Bill Nighy,Imelda Staunton,Animation,16.263878,Released,184925486.00,75,51841
tt0101414,BÃ©rÃ©nice Bejo,Tahar Rahim,Animation,23.433511,Released,377350553.00,39,45002
tt0032910,Toni Servillo,Carlo Verdone,Animation,14.202284,Released,84300000.00,56,81125
tt0100405,Irrfan Khan,Nimrat Kaur,Animation,13.348451,Released,463000000.00,59,50523
tt0110719,Ayushmann Khurrana,Yami Gautam,Animation,0.345748,Released,0.00,85,39710
tt0065214,Chris Williams,Ryan Potter,Adventure,11.722424,Released,638641.00,39,410983
tt0110395,Domhnall Gleeson,Rachel McAdams,Comedy,3.40523,Released,0.00,57.1,303032
tt0111752,Sridevi,Adil Hussain,Comedy,0.088451,Released,0.00,33,33618
tt0109934,Hideaki Anno,Hidetoshi Nishijima,Animation,0.076352,Released,0.00,74,73690
tt0112606,Tom Hanks,Tim Allen,Animation,2.47308,Released,0.00,80,203177
tt0117247,Geoffrey Rush,Jim Sturgess,Animation,7.009946,Released,97529550.00,73,108399
tt0112625,Jared Gilman,Kara Hayward,Comedy,4.983552,Released,13940383.00,56,318789
tt0106537,Jay Baruchel,Cate Blanchett,Adventure,1.461029,Released,0.00,34,305611
tt0116282,Christian Bale,Steve Carell,Adventure,12.61469,Released,60611975.00,43,362942
tt0116552,Takako Matsu,Yoshino Kimura,Comedy,14.657754,Released,32709423.00,45,35713
tt0082509,Lee Byung0Hun,Choi Min0sik,Animation,7.640073,Released,0.00,49,111252
tt0116514,Daniel Craig,Rooney Mara,Animation,5.263187,Released,16675000.00,57.1,423010
tt0117283,Tom Hanks,Barkhad Abdi,Adventure,8.174116,Released,0.00,53,421244
tt0116684,Won Bin,Sae0ron Kim,Animation,2.420301,Released,0.00,71,62848
tt0110374,O'Shea Jackson Jr.,Corey Hawkins,Animation,0.618066,Released,0.00,66,179264
tt0070506,Hye0ja Kim,Won Bin,Animation,1.306628,Released,0.00,60,52758
tt0065421,Kim Yoon0seok,Jung0woo Ha,Comedy,9.834047,Released,55675257.00,57.1,58468
tt0113083,Ian McKellen,Martin Freeman,Comedy,2.286788,Released,0.00,61,601408
tt0118001,Christian Friedel,Ernst Jacobi,Comedy,1.620174,Released,0.00,41,68715
tt0116165,Michael Nyqvist,Noomi Rapace,Biography,5.174212,Released,0.00,53,208994
tt0102855,Eddie Redmayne,Alex Sharp,Animation,0.736081,Released,0.00,49,89896
tt0107471,Mads Mikkelsen,Thomas Bo Larsen,Action,0.516924,Released,0.00,46,33931
tt0113839,Mark Wahlberg,Christian Bale,Animation,0.173207,Released,0.00,56,340584
tt0112712,Liam Neeson,Maggie Grace,Animation,0.793932,Released,0.00,65,564791
tt0090665,Asa Butterfield,David Thewlis,Animation,1.983301,Released,0.00,61,190748
tt0117891,Glen Hansard,MarkÃ©ta IrglovÃ¡,Animation,2.256747,Released,0.00,78,110656
tt0113613,Martin Freeman,Ian McKellen,Adventure,4.619915,Released,442965.00,41,757377
tt0117381,Baki Davrak,NurgÃ¼l YesilÃ§ay,Animation,10.326213,Released,102616183.00,88,30827
tt0114305,Keira Knightley,James McAvoy,Animation,0.065827,Released,0.00,57.1,251370
tt0115837,Ryan Gosling,Carey Mulligan,Comedy,1.67218,Released,0.00,39,571571
tt0115509,Denzel Washington,Russell Crowe,Adventure,5.028897,Released,8620678.00,34,392449
tt0114671,Sam Worthington,Zoe Saldana,Adventure,6.144235,Released,0.00,43,1118998
tt0112844,Jared Leto,Sarah Polley,Animation,0.466476,Released,0.00,63,216421
tt0114658,Gerardo Taracena,Raoul Max Trujillo,Comedy,2.583686,Released,0.00,57.1,291018
tt0116275,Valerie Faris,Steve Carell,Comedy,6.207993,Released,0.00,49,439856
tt0113122,Simon Pegg,Nick Frost,Animation,0.319215,Released,0.00,58,463466
tt0117608,Brad Pitt,Cate Blanchett,Adventure,5.70904,Released,0.00,51,589160
tt0113448,Shah Rukh Khan,Preity Zinta,Animation,1.523446,Released,218626.00,52,49050
tt0116414,Ulrich Thomsen,Mads Mikkelsen,Animation,4.405169,Released,4939939.00,54,45717
tt0116095,Keira Knightley,Matthew Macfadyen,Comedy,4.530079,Released,0.00,51,258924
tt0111543,Anthony Hopkins,Diane Ladd,Animation,4.728163,Released,0.00,48,51980
tt0117517,ShÃ´go Furuya,TÃ´ru Emori,Drama,0.149157,Released,0.00,95,31658
tt0117312,Nathan Fillion,Gina Torres,Animation,0.066123,Released,0.00,67,283310
tt0116485,Joaquin Phoenix,Reese Witherspoon,Animation,0.002229,Released,65335.00,60,234207
tt0113947,Andreas Wilson,Henrik LundstrÃ¶m,Action,1.784647,Released,0.00,43,35682
tt0115956,Gena Rowlands,James Garner,Animation,11.595316,Released,100860818.00,57.1,520284
tt0117060,Gael GarcÃ­a Bernal,Rodrigo De la Serna,Action,15.793477,Released,457696359.00,49,96703
tt0109028,Oksana Akinshina,Artyom Bogucharskiy,Action,0.494977,Released,0.00,30,42673
tt0117071,MichÃ¨le Caucheteux,Jean0Claude Donda,Action,2.337263,Released,0.00,61,50622
tt0117788,Lee Yeong0ae,Lee Byung0Hun,Adventure,0.821299,Released,0.00,50,26518
tt0112257,Jim Caviezel,Guy Pearce,Drama,0.396626,Released,0.00,67,129022
tt0116136,Ethan Hawke,Trevor Jack Brooks,Drama,23.63659,Released,115267375.00,53,60684
tt0118026,Denzel Washington,Will Patton,Action,0.439989,Released,0.00,59,198089
tt0117117,Yun0Fat Chow,Michelle Yeoh,Action,0.622885,Released,0.00,38,253228
tt0116168,Cecilia Roth,Marisa Paredes,Animation,3.09233,Released,0.00,65,89058
tt0111787,Tom Hanks,Helen Hunt,Animation,1.558066,Released,0.00,50,524235
tt0112509,Willem Dafoe,Sean Patrick Flanery,Action,0.002444,Released,0.00,37,227143
tt0054189,Russell Crowe,Al Pacino,Adventure,3.804493,Released,0.00,57.1,159886
tt0115591,Jake Gyllenhaal,Chris Cooper,Adventure,0.987434,Released,0.00,43,82855
tt0116683,Vicky Jenson,Mike Myers,Animation,13.217623,Released,28921264.00,30,613941
tt0116287,Leonardo DiCaprio,Kate Winslet,Animation,6.954926,Released,0.00,68,1046089
tt0116768,Takeshi Kitano,Kayoko Kishimoto,Action,2.299851,Released,0.00,71,27712
tt0116269,Ethan Hawke,Uma Thurman,Animation,1.296862,Released,9789900.00,56,280845
tt0114787,Michael Douglas,Deborah Kara Unger,Comedy,14.587894,Released,0.00,77,345096
tt0113720,Emily Watson,Stellan SkarsgÃ¥rd,Animation,3.582047,Released,0.00,68,62428
tt0112536,Johnny Depp,Martin Landau,Adventure,3.085207,Released,684351.00,79,164937
tt0048473,Johnny Depp,Leonardo DiCaprio,Adventure,3.900709,Released,536364.00,78,215034
tt0052572,Kevin Jarre,Kurt Russell,Animation,2.381806,Released,16000.00,83,126871
tt0117128,Tom Guiry,Mike Vitar,Animation,2.985163,Released,0.00,74,78963
tt0114616,Anthony Hopkins,Emma Thompson,Comedy,0.001662,Released,0.00,57.1,66065
tt0117705,David Thewlis,Lesley Sharp,Comedy,11.054251,Released,250200000.00,49,34635
tt0062711,Harrison Ford,Tommy Lee Jones,Drama,14.304205,Released,2500000.00,83,267684
tt0110061,Robert De Niro,Chazz Palminteri,Adventure,0.062388,Released,0.00,61,128171
tt0140614,Boyd Kirkland,Frank Paur,Comedy,0.466991,Released,0.00,53,43690
tt0108181,Yun0Fat Chow,Tony Chiu0Wai Leung,Animation,0.459376,Released,0.00,64,46700
tt0114307,Winona Ryder,Gena Rowlands,Adventure,0.117662,Released,0.00,74,55362
tt0058898,IrÃ¨ne Jacob,Wladyslaw Kowalski,Adventure,4.658149,Released,0.00,48,42376
tt0082206,Cuba Gooding Jr.,Laurence Fishburne,Animation,2.272213,Released,0.00,65,126082
tt0111430,James Caan,Kathy Bates,Animation,0.18343,Released,0.00,77,184740
tt0107727,Robert De Niro,Robin Williams,Animation,0.004117,Released,0.00,44,125276
tt0081759,Kirsten Dunst,Minami Takayama,Drama,0.400023,Released,0.00,88,124193
tt0113443,Matthew Broderick,Denzel Washington,Adventure,2.791667,Released,0.00,64,122779
tt0109491,Yun0Fat Chow,Danny Lee,Adventure,0.487357,Released,0.00,23,45624
tt0114048,Michael J. Fox,Christopher Lloyd,Animation,4.357971,Released,0.00,68,481918
tt0111613,Gene Hackman,Willem Dafoe,Comedy,0.122178,Released,0.00,71,88214
tt0117104,Arnold Schwarzenegger,Carl Weathers,Animation,9.1861,Released,10070000.00,50,371387
tt0117688,Bruce Campbell,Sarah Berry,Animation,1.899069,Released,0.00,54,148359
tt0109751,Matthew Broderick,Alan Ruck,Adventure,0.71066,Released,0.00,40,321382
tt0117774,Tom Waits,John Lurie,Animation,10.68537,Released,0.00,68,47834
tt0114736,Sean Astin,Josh Brolin,Comedy,1.217249,Released,0.00,45,244430
tt0112604,Danny Glover,Whoopi Goldberg,Comedy,0.877853,Rumored,0.00,44,78321
tt0116289,Emilio Estevez,Judd Nelson,Animation,10.298582,Released,0.00,96,357026
tt0109593,Sam Waterston,Haing S. Ngor,Animation,1.099187,Released,62949.00,51,51585
tt0103095,Bill Murray,Dan Aykroyd,Animation,0.006854,Released,0.00,77,355413
tt0112368,Sam Shepard,Scott Glenn,Family,2.25008,Released,0.00,57.1,56235
tt0104046,Robert De Niro,Jerry Lewis,Adventure,0.755047,Released,0.00,57.1,88511
tt0062952,Henry Thomas,Drew Barrymore,Adventure,7.918418,Released,0.00,34,372490
tt0115742,Dustin Hoffman,Meryl Streep,Drama,1.579153,Released,0.00,46,133351
tt0117420,Richard Gere,Brooke Adams,Animation,7.941972,Released,57400547.00,61,52852
tt0115951,Clint Eastwood,Sondra Locke,Action,0.947007,Released,0.00,39,65659
tt0117784,Sean Connery,Michael Caine,Comedy,1.231692,Released,0.00,33,44917
tt0117107,Gene Hackman,John Cazale,Adventure,5.79463,Released,0.00,66,98611
tt0117979,Barry Bostwick,Jennifer Drake,Animation,5.121203,Released,0.00,96,25229
tt0095776,Edward Fox,Terence Alexander,Adventure,10.813579,Released,74151346.00,46,37445
tt0115851,Martin Sheen,Sissy Spacek,Animation,1.940747,Released,0.00,52,66009
tt0116322,Liza Minnelli,Michael York,Animation,4.557006,Released,20080020.00,83,48334
tt0109374,Gene Wilder,Jack Albertson,Comedy,1.926109,Released,0.00,57.1,178731
tt0110712,Dustin Hoffman,Jon Voight,Adventure,0.709209,Released,0.00,66,101124
tt0112817,Audrey Hepburn,Alan Arkin,Adventure,6.505272,Released,0.00,53,27733
tt0113362,Spencer Tracy,Sidney Poitier,Comedy,1.690768,Released,15000000.00,42,39642
tt0073778,Warren Beatty,Faye Dunaway,Comedy,6.035166,Released,0.00,83,102415
tt0112546,Audrey Hepburn,Rex Harrison,Comedy,1.133409,Released,0.00,51,86525
tt0108500,Julie Andrews,Dick Van Dyke,Animation,7.326169,Released,0.00,48,158029
tt0117108,Andrew Marton,Gerd Oswald,Action,8.768806,Released,0.00,62,52141
tt0113270,Jeanne Moreau,Oskar Werner,Animation,0.037443,Released,0.00,66,37605
tt0333373,Deborah Kerr,Peter Wyngarde,Comedy,0.003949,Released,0.00,57.1,27007
tt0115963,Jean0Paul Belmondo,Jean Seberg,Biography,12.860385,Released,24769466.00,30,73251
tt0116448,Arthur Rosson,John Wayne,Adventure,3.321765,Released,0.00,33,28167
tt0116827,Humphrey Bogart,Edward G. Robinson,Animation,1.196686,Released,5.00,32,36995
tt0114894,Humphrey Bogart,Lauren Bacall,Action,0.005625,Released,0.00,66,31053
tt0112701,Teresa Wright,Joseph Cotten,Animation,1.92386,Released,0.00,79,59556
tt0113429,John Wayne,Claire Trevor,Animation,0.543042,Released,0.00,50,43621
tt0116508,Margaret Lockwood,Michael Redgrave,Comedy,9.264679,Released,0.00,59,47400
tt0117260,Katharine Hepburn,Cary Grant,Animation,0.343579,Released,3014000.00,58,55163
tt0117500,Boris Karloff,Elsa Lanchester,Animation,13.249824,Released,335062621.00,58,43542
tt0116405,Groucho Marx,Harpo Marx,Adventure,0.746662,Released,0.00,83,55581
tt0109592,Richard Rosson,Paul Muni,Animation,6.247819,Released,0.00,67,25312
tt0117998,Colin Clive,Mae Clarke,Animation,8.739144,Released,494471524.00,56,65341
tt0115624,Yalitza Aparicio,Marina de Tavira,Biography,5.877599,Released,3793614.00,44,140375
tt0113145,Josh O'Connor,Alec Secareanu,Adventure,0.125882,Released,0.00,66,25198
tt0116559,Ryan Reynolds,Josh Brolin,Animation,0.652621,Released,0.00,67,478586
tt0113568,Kelsey Asbille,Jeremy Renner,Action,10.686166,Released,2287714.00,62,205444
tt0117894,Daniel Kaluuya,Allison Williams,Action,4.856229,Released,0.00,57.1,492851
tt0117723,Tom Cruise,Henry Cavill,Animation,8.202057,Released,0.00,71,291257
tt0112586,Rolf LassgÃ¥rd,Bahar Pars,Action,0.594716,Released,0.00,53,47444
tt0112691,Taika Waititi,Jemaine Clement,Comedy,6.796858,Released,0.00,25,157498
tt0040366,Hiromasa Yonebayashi,Sara Takatsuki,Adventure,4.386329,Released,0.00,60,32798
tt0117768,Eddie Redmayne,Felicity Jones,Adventure,1.751457,Released,0.00,57.1,404182
tt0115571,Colin Firth,Taron Egerton,Animation,6.497591,Released,14048372.00,85,590440
tt0031612,Shailene Woodley,Ansel Elgort,Animation,0.068254,Released,0.00,66,344312
tt0057012,Thomas Mann,RJ Cyler,Animation,9.80398,Released,9440272.00,53,123210
tt0103926,Michael Keaton,Zach Galifianakis,Animation,0.160571,Released,0.00,43,580291
tt0105737,LÃ©a Seydoux,AdÃ¨le Exarchopoulos,Adventure,0.75,Released,0.00,50,138741
tt0113849,Amit Sadh,Sushant Singh Rajput,Comedy,0.851078,Released,0.00,46,32628
tt0113188,Veerle Baetens,Johan Heldenbergh,Adventure,5.508101,Released,0.00,33,39379
tt0042644,Joe Russo,Chris Evans,Action,1.048075,Released,0.00,51,736182
tt0109381,Ranbir Kapoor,Nargis Fakhri,Comedy,0.146287,Released,0.00,47,39501
tt0109688,Bruce Dern,Will Forte,Animation,5.215992,Released,0.00,36,112298
tt0104606,John C. Reilly,Jack McBrayer,Animation,0.401531,Released,0.00,66,380195
tt0110480,Jeff Bridges,Mackenzie Foy,Comedy,0.001608,Released,0.00,52,56720
tt0108211,Adrien Brody,Christina Hendricks,Animation,7.667284,Released,0.00,66,77071
tt0117331,Owen Wilson,Rachel McAdams,Action,8.079541,Released,17300889.00,67,388089
tt0117765,Phil Lord,Chris Pratt,Animation,11.341502,Released,113309743.00,61,323982
tt0116833,Sandra Bullock,George Clooney,Action,1.427756,Released,0.00,57,769145
tt0113280,Chris Pine,Zachary Quinto,Adventure,0.889498,Released,0.00,66,463188
tt0116669,Abraham Attah,Emmanuel Affadzi,Animation,6.287245,Released,58620973.00,49,73964
tt0116594,Jesse Eisenberg,Andrew Garfield,Comedy,2.771201,Released,1814290.00,37,624982
tt0113211,James McAvoy,Michael Fassbender,Animation,0.365418,Released,0.00,46,645512
tt0114494,Zach Galifianakis,Bradley Cooper,Animation,0.099602,Released,0.00,81,717559
tt0094265,Daniel Craig,Javier Bardem,Animation,0.514363,Released,0.00,86,630614
tt0105201,Bradley Cooper,Jennifer Lawrence,Comedy,0.011938,Released,0.00,39,661871
tt0070820,Ben Affleck,Bryan Cranston,Adventure,0.043903,Released,0.00,69,572581
tt0084898,Zooey Deschanel,Joseph Gordon0Levitt,Action,0.049573,Released,0.00,55,472242
tt0063715,Daniel Radcliffe,Emma Watson,Animation,1.794298,Released,0.00,85,479120
tt0109191,Cate Blanchett,Matt Damon,Adventure,0.001687,Released,0.00,35,125317
tt0114122,Frank Langella,Michael Sheen,Animation,0.837911,Released,0.00,74,103330
tt0117951,Megumi Hayashibara,TÃ´ru Emori,Animation,19.348466,Released,16491080.00,50,71379
tt0118523,Angelina Jolie,Colm Feore,Animation,2.700061,Released,0.00,67,239203
tt0116629,Madeline Carroll,Callan McAuliffe,Action,17.634197,Released,816969268.00,36,81446
tt0117737,Riisa Naka,Takuya Ishida,Comedy,6.418805,Released,0.00,50,60368
tt0116277,Tatsuya Fujiwara,Ken'ichi Matsuyama,Animation,12.202063,Released,18626419.00,49,28630
tt0116583,Thomas Turgoose,Stephen Graham,Animation,13.553999,Released,100138851.00,76,115576
tt0115798,Alicia Vikander,Domhnall Gleeson,Animation,7.586577,Released,102825796.00,48,474141
tt0116778,Mads Mikkelsen,Sidse Babett Knudsen,Animation,11.633347,Released,25023434.00,59,32001
tt0116213,James McAvoy,Forest Whitaker,Comedy,6.919314,Released,242295562.00,36,175355
tt0113147,Jake Gyllenhaal,Robert Downey Jr.,Animation,0.10705,,0.00,57,466080
tt0117218,Josh Hartnett,Ben Kingsley,Adventure,9.651581,Released,128769345.00,47,299524
tt0100990,Diane Kruger,Benno FÃ¼rmann,Comedy,0.202495,Released,0.00,49,28003
tt0111546,Sam Riley,Samantha Morton,Adventure,0.826372,Released,65352.00,56,61609
tt0093199,Byron Howard,Mandy Moore,Action,0.043125,Released,0.00,40,405922
tt0106810,Carice van Houten,Sebastian Koch,Comedy,0.000308,Released,0.00,51,72643
tt0111180,Jake Gyllenhaal,Heath Ledger,Action,0.05956,Released,0.00,63,323103
tt0111237,Russell Crowe,Christian Bale,Animation,0.970688,Released,0.00,67,288797
tt0072362,Don Cheadle,Sandra Bullock,Adventure,0.147662,Rumored,0.00,62,419483
tt0103207,Stephen Chow,Wah Yuen,Animation,0.573423,Released,0.00,72,127250
tt0116040,Matt Damon,Franka Potente,Animation,11.995799,Released,159212469.00,55,434841
tt0116365,Christian Bale,Jennifer Jason Leigh,Drama,12.09096,Released,29359216.00,74,358432
tt0116905,Jamie Foxx,Regina King,Action,9.069963,Released,13269963.00,20,138356
tt0116493,Bill Murray,Scarlett Johansson,Adventure,4.086563,Released,0.00,39,415074
tt0117333,Daniel Radcliffe,Emma Watson,Animation,5.575992,Released,152036382.00,65,548619
tt0118113,Denzel Washington,Christopher Walken,Animation,0.913281,Released,0.00,46,329592
tt0117628,Dakota Fanning,Teri Hatcher,Animation,10.827266,Released,9482579.00,71,197761
tt0117913,Tom Cruise,Ken Watanabe,Animation,13.309013,Released,152266007.00,85,400049
tt0115530,Eileen Walsh,Dorothy Duffy,Comedy,7.031279,Released,665450.00,46,25938
tt0114266,Daniel BrÃ¼hl,Katrin SaÃŸ,Animation,0.227128,Released,0.00,64,137981
tt0115493,Paddy Considine,Samantha Morton,Animation,2.318141,Released,0.00,74,40403
tt0116320,Sean Penn,Michelle Pfeiffer,Adventure,3.906949,Released,17193231.00,19,142863
tt0116756,Nicolas Cage,Meryl Streep,Drama,8.962892,Released,0.00,51,178565
tt0109356,Josh Hartnett,Ewan McGregor,Adventure,0.091984,Released,0.00,26,364254
tt0116823,Tom Hanks,Tyler Hoechlin,Adventure,3.521921,Released,0.00,57.1,246840
tt0112568,Moritz Bleibtreu,Christian Berkel,Adventure,1.56604,Released,0.00,38,90842
tt0114170,Jamie Bell,Julie Walters,Adventure,0.926867,Released,0.00,64,126770
tt0117999,John Cameron Mitchell,Miriam Shor,Adventure,0.145092,Released,0.00,57.1,31957
tt0118073,George Clooney,Brad Pitt,Comedy,9.898696,Released,0.00,41,516372
tt0108220,Andrew Philpot,John Rafter Lee,Animation,0.036699,Released,0.00,82,29210
tt0049521,Ethan Coen,George Clooney,Biography,1.116063,Released,0.00,57.1,286742
tt0104403,James Marsden,Gary Oldman,Adventure,0.270432,Released,0.00,44,29999
tt0061495,Trey Parker,Matt Stone,Adventure,1.683348,Released,0.00,88,192112
tt0110246,Ron Livingston,Jennifer Aniston,Action,0.000578,Released,0.00,58,241575
tt0116164,Jane Adams,Jon Lovitz,Comedy,1.165202,Released,0.00,53,66408
tt0112865,Denzel Washington,Ethan Hawke,Comedy,0.106345,Released,0.00,42,390247
tt0112716,Jason Schwartzman,Bill Murray,Adventure,1.606957,Released,0.00,77,169229
tt0115472,Eduardo Noriega,PenÃ©lope Cruz,Comedy,7.523528,Released,0.00,52,64082
tt0116707,John Cusack,Cameron Diaz,Animation,9.490858,Released,4619014.00,58,312542
tt0116313,Jack Nicholson,Helen Hunt,Comedy,10.177303,Released,116400000.00,46,275755
tt0114550,Bruce Willis,Milla Jovovich,Animation,0.940228,Released,0.00,61,434125
tt0117438,Thierry Lhermitte,Jacques Villeret,Action,8.772188,Released,309492681.00,57,37424
tt0116531,Al Pacino,Johnny Depp,Adventure,4.220058,Released,21302121.00,47,279318
tt0117332,Geoffrey Rush,Armin Mueller0Stahl,Animation,0.879852,Released,0.00,75,51350
tt0116353,Richard Gere,Laura Linney,Animation,3.186891,Released,258263.00,77,189716
tt0115857,Kenneth Branagh,Julie Christie,Action,15.874491,Released,60209334.00,62,35991
tt0117008,Liesel Matthews,Eleanor Bron,Comedy,10.034915,Released,33459416.00,58,32236
tt0116191,Leon Lai,Michelle Reis,Animation,6.593011,Released,22231658.00,60,26429
tt0115986,Massimo Troisi,Massimo Troisi,Animation,6.554679,Released,17917287.00,75,33600
tt0116571,Brian O'Halloran,Jeff Anderson,Animation,12.297782,Released,0.00,59,211450
tt0053459,Andie MacDowell,Julianne Moore,Comedy,9.935891,Released,0.00,72,42275
tt0117826,Tom Hanks,Denzel Washington,Comedy,3.450402,Released,5600000.00,51,224169
tt0113695,Michael Caine,Kermit the Frog,Action,0.042365,Released,0.00,53,50298
tt0108227,Denzel Washington,Angela Bassett,Adventure,0.001652,Released,0.00,52,85819
tt0111424,Daniel Day0Lewis,Madeleine Stowe,Animation,0.076062,Released,0.00,57.1,150409
tt0113080,ShÃ»ichirÃ´ Moriyama,Tokiko KatÃ´,Adventure,1.663948,Released,0.00,36,77798
tt0115680,Al Pacino,Jack Lemmon,Adventure,0.404501,Released,0.00,84,95826
tt0117718,Tom Cruise,Jack Nicholson,Comedy,1.19589,Released,12643776.00,43,235388
tt0116225,Kathy Bates,Jessica Tandy,Comedy,12.229381,Released,42277365.00,84,66941
tt0112767,Ethan Coen,John Turturro,Adventure,1.781952,Released,0.00,64,113240
tt0115632,Ethan Coen,Gabriel Byrne,Animation,4.797674,Released,3011195.00,57,125822
tt0117918,Bob Hoskins,Christopher Lloyd,Animation,6.24966,Released,53854588.00,58,182009
tt0104109,Bernard0Pierre Donnadieu,Gene Bervoets,Animation,0.124273,Released,300000.00,61,33982
tt0051980,Richard E. Grant,Paul McGann,Action,0.969254,Released,0.00,56,40396
tt0100840,John Lone,Joan Chen,Action,0.629807,Released,0.00,71,94326
tt0107575,Christian Bale,John Malkovich,Animation,0.03537,Released,0.00,64,115677
tt0042054,Sean Connery,Christian Slater,Animation,0.036478,Released,0.00,75,102031
tt0068646,Isabella Rossellini,Kyle MacLachlan,Comedy,41.109264,Released,245066411.00,51,181285
tt0109255,Mia Farrow,Jeff Daniels,Adventure,8.593319,Released,0.00,42,47102
tt0104558,Griffin Dunne,Rosanna Arquette,Adventure,6.751864,Released,20483423.00,27,59635
tt0116985,Woody Allen,Mia Farrow,Animation,1.143656,Released,431326.00,34,39881
tt0046468,Paul Newman,Charlotte Rampling,Animation,0.096079,Released,0.00,60,36096
tt0114474,William Shatner,Leonard Nimoy,Comedy,0.90913,Released,0.00,73,112704
tt0115736,Sylvester Stallone,Brian Dennehy,Animation,12.449574,Released,7011317.00,88,226541
tt0115836,Donald Sutherland,Mary Tyler Moore,Animation,3.714049,Released,0.00,70,47099
tt0101692,David Zucker,Jerry Zucker,Comedy,0.913987,Released,0.00,45,214882
tt0116745,Yasuo Yamada,Eiko Masuyama,Comedy,5.130136,Released,0.00,43,27014
tt0119214,Donald Pleasence,Jamie Lee Curtis,Adventure,2.289647,Released,0.00,47,233106
tt0116934,Roman Polanski,Isabelle Adjani,Adventure,0.14315,Released,0.00,57,39889
tt0109066,Woody Allen,Diane Keaton,Animation,1.404588,Released,0.00,52,36037
tt0075169,Walter Matthau,Robert Shaw,Animation,0.364246,Released,0.00,86,26729
tt0113542,Cleavon Little,Gene Wilder,Animation,0.705136,Released,0.00,63,125993
tt0110693,Al Pacino,John Randolph,Adventure,0.001771,Released,0.00,42,109941
tt0106544,Bruce Lee,John Saxon,Animation,1.262539,Released,0.00,80,96561
tt0116418,Jon Voight,Burt Reynolds,Animation,0.635669,Released,0.00,74,98740
tt0112607,Gene Hackman,Roy Scheider,Animation,0.109406,Released,0.00,64,110075
tt0120004,Clint Eastwood,Andrew Robinson,Animation,7.699967,Released,33956608.00,57,143292
tt0116654,Richard Burton,Clint Eastwood,Action,12.725343,Released,49627779.00,51,51913
tt0116311,Jack Lemmon,Walter Matthau,Animation,6.510437,Released,0.00,63,31572
tt0117965,Lee Marvin,Ernest Borgnine,Animation,9.028947,Released,0.00,57,67183
tt0114592,Catherine Deneuve,Jean Sorel,Animation,0.234665,Released,0.00,67,40274
tt0115725,Paul Scofield,Wendy Hiller,Animation,2.523605,Released,0.00,51,31222
tt0115783,Catherine Deneuve,Ian Hendry,Animation,7.859132,Released,22611954.00,65,48883
tt0120271,Stanley Baker,Jack Hawkins,Animation,0.978989,Released,0.00,55,35999
tt0113596,Sean Connery,Gert FrÃ¶be,Comedy,6.372442,Released,0.00,56,174119
tt0109001,Rod Taylor,Tippi Hedren,Comedy,0.062128,Released,0.00,56,171739
tt0094822,Gregory Peck,Robert Mitchum,Action,0.437895,Released,0.00,47,26457
tt0113253,Karlheinz BÃ¶hm,Anna Massey,Animation,8.768288,Released,15116634.00,64,31354
tt0117991,Yul Brynner,Steve McQueen,Animation,4.69668,Released,0.00,83,87719
tt0117093,Pierre Brasseur,Alida Valli,Adventure,6.038784,Released,0.00,66,27620
tt0024252,Kevin McCarthy,Dana Wynter,Action,0.472479,Released,0.00,47,44839
tt1684935,James Dean,Natalie Wood,Action,0.14713,Released,0.00,41,83363
tt0111019,Alec Guinness,Peter Sellers,Adventure,2.115268,Released,0.00,63,26464
tt0035896,Humphrey Bogart,Audrey Hepburn,Drama,14.373861,Released,0.00,89,59415
tt0032904,John Wayne,Maureen O'Hara,Adventure,8.888069,Released,0.00,47,34677
tt0045152,Michael Rennie,Patricia Neal,Animation,11.064858,Released,7200000.00,88,76315
tt0043278,Humphrey Bogart,Katharine Hepburn,Action,5.565203,Released,4500000.00,61,71481
tt0050419,Rita Hayworth,Glenn Ford,Comedy,5.461487,Released,0.00,38,27991
tt0054698,Samuel Armstrong,Ford Beebe Jr.,Comedy,10.879289,Released,9500000.00,38,88662
tt0052357,Claude Rains,Gloria Stuart,Animation,18.20822,Released,28000000.00,74,30683
tt0047396,Mark Ruffalo,Anne Hathaway,Animation,17.911314,Released,36764313.00,47,60408
tt0025316,John Cho,Debra Messing,Animation,6.465257,Released,4500000.00,72,140840
tt0036855,Leonardo DiCaprio,Brad Pitt,Animation,14.545058,Released,0.00,83,551309
tt0025164,Maryana Spivak,Aleksey Rozin,Animation,2.863935,Released,0.00,69,29765
tt0053125,Brooklynn Prince,Bria Vinaite,Animation,12.410427,Released,13275000.00,95,95181
tt0053604,Michael B. Jordan,Jamie Foxx,Animation,11.994281,Released,25000000.00,61,46739
tt0053291,Chris Evans,Mckenna Grace,Animation,11.845107,Released,25000000.00,61,99643
tt0056923,Michael Schwartz,Zack Gottsagen,Animation,7.098731,Released,13474588.00,86,66346
tt0034583,Laia Costa,Frederick Lau,Comedy,13.916101,Released,10462500.00,88,52903
tt0033870,GÃ¼nes Sensoy,Doga Zeynep Doguslu,Drama,5.782544,Released,1000000.00,74,35785
tt0058385,Chris Pratt,Zoe Saldana,Animation,12.494394,Released,72070731.00,72,569974
tt0047437,Ansel Elgort,Jon Bernthal,Animation,7.359741,Released,10000000.00,66,439406
tt0046250,Josh Brolin,Miles Teller,Animation,11.954806,Released,12000000.00,77,58371
tt0031580,Tom Hanks,Mark Rylance,Adventure,5.640722,Released,0.00,53,287659
tt0037059,Craig T. Nelson,Holly Hunter,Adventure,7.331511,Released,0.00,47,250057
tt0032138,John Musker,Don Hall,Adventure,22.064932,Released,33754967.00,71,272784
tt0031381,Emily Blunt,Josh Brolin,Drama,14.240357,Released,400176459.00,87,371291
tt0084370,Michael B. Jordan,Sylvester Stallone,Action,2.923672,Released,0.00,78,247666
tt0043014,Aleksey Serebryakov,Elena Lyadova,Animation,11.709777,Released,5000000.00,73,49397
tt0033467,Chris Pine,Ben Foster,Adventure,15.811921,Released,23217674.00,52,204175
tt0062622,Judi Dench,Steve Coogan,Animation,22.494622,Released,68700000.00,75,94212
tt0039428,Gary Oldman,Keri Russell,Animation,0.949155,Released,0.00,92,411599
tt0042192,Jose Coronado,Hugo Silva,Adventure,12.06308,Released,63463.00,57.1,57549
tt0032143,Iko Uwais,Ananda George,Animation,5.076649,Released,2270000.00,78,190531
tt0032976,Jake Gyllenhaal,Michael PeÃ±a,Animation,8.590813,Released,6000000.00,65,228132
tt0032484,Amy Poehler,Mirai Shida,Animation,9.955445,Released,0.00,74,80939
tt0038787,Lady Gaga,Bradley Cooper,Action,10.135111,Released,24464742.00,71,334312
tt0038109,Joel Coen,Jeff Bridges,Animation,5.47596,Released,7000000.00,84,311822
tt0050105,Mikael Persbrandt,Trine Dyrholm,Animation,9.813419,Released,0.00,74,38491
tt0048728,Chris Renaud,Steve Carell,Animation,5.490505,Released,8750000.00,75,500851
tt0042451,Joseph Gordon0Levitt,Seth Rogen,Comedy,2.469167,Released,0.00,39,315426
tt0045537,Aaron Taylor0Johnson,Nicolas Cage,Animation,3.573935,Released,0.00,59,524081
tt0031725,Luis Tosar,Alberto Ammann,Animation,5.120036,Released,2279000.00,71,63882
tt0050658,Brad Pitt,Robin Wright,Animation,8.196679,Released,0.00,83,369529
tt0051658,Antonio Banderas,Elena Anaya,Animation,10.36311,Released,0.00,80,138959
tt0052126,Jesse Eisenberg,Emma Stone,Action,1.954175,Released,0.00,60,520041
tt0029843,JÃ¼rgen Vogel,Frederick Lau,Animation,10.685036,Released,3981000.00,64,102742
tt0032762,Robert Downey Jr.,Jude Law,Comedy,7.431939,Released,0.00,72,583158
tt0037008,Quinton Aaron,Sandra Bullock,Adventure,9.884516,Released,2000000.00,53,293266
tt0039420,Richard Jenkins,Haaz Sleiman,Drama,3.008607,Released,0.00,57,41544
tt0029162,Will Smith,Rosario Dawson,Comedy,3.166544,Released,0.00,44,286770
tt0027125,Naomi Watts,Viggo Mortensen,Animation,7.122093,Released,3202000.00,80,227760
tt0035446,Charlie Cox,Claire Danes,Adventure,7.274948,Released,0.00,92,255036
tt0028010,Nora Twomey,Evan McGuire,Adventure,5.480098,Released,0.00,46,31779
tt0049261,Denzel Washington,Clive Owen,Comedy,10.864284,Released,35000000.00,52,339757
tt0048028,Morgan Freeman,Ed Harris,Animation,6.42883,Released,5.00,73,250590
tt0025878,Marion Cotillard,Sylvie Testud,Animation,10.573867,Released,1423000.00,56,82781
tt0032599,Jet Li,Li Sun,Adventure,9.88321,Released,0.00,67,72863
tt0048960,Edward Norton,Jessica Biel,Animation,6.164226,Released,42000000.00,83,354728
tt0038650,Paddy Considine,Gary Stretch,Animation,15.031588,Released,9644124.00,62,49728
tt0031679,Daniel Radcliffe,Emma Watson,Animation,8.168694,Released,9600000.00,83,474827
tt0029947,Gerard Butler,Lena Headey,Adventure,6.60577,Released,0.00,35,732876
tt0034012,Scarlett Johansson,Jonathan Rhys Meyers,Animation,2.446972,Released,0.00,55,206294
tt0017350,Jackie Earle Haley,Patrick Wilson,Animation,0.284522,Released,0.00,56,500799
tt0036094,Nicolas Cage,Ethan Hawke,Adventure,0.264695,Released,0.00,65,294140
tt0025586,Cary Elwes,Leigh Whannell,Comedy,1.831221,Released,0.00,63,379020
tt0038300,Philip Seymour Hoffman,Samantha Morton,Animation,0.594433,Released,0.00,71,83158
tt0027893,Brady Corbet,Joseph Gordon0Levitt,Animation,4.709847,Released,0.00,87,65939
tt0032022,Guillaume Canet,Marion Cotillard,Adventure,1.758391,Released,0.00,65,67360
tt0041509,Audrey Tautou,Gaspard Ulliel,Adventure,0.896505,Released,0.00,75,70925
tt0039152,Peter Dinklage,Patricia Clarkson,Adventure,8.08426,Released,0.00,64,67370
tt0026029,Sean Penn,Benicio Del Toro,Biography,5.865697,Released,0.00,63,224545
tt0038235,Kang0ho Song,Shin Ha0kyun,Animation,8.85591,Released,0.00,95,62659
tt0036241,Johnny Depp,Kate Winslet,Adventure,1.450989,Released,0.00,66,198677
tt0063350,Edward Norton,Barry Pepper,Adventure,14.384198,Released,30000000.00,63,169708
tt0043265,J. Mackye Gruber,Ashton Kutcher,Animation,6.636872,Released,10750000.00,87,451479
tt0046414,Cillian Murphy,Naomie Harris,Animation,2.001733,Released,0.00,55,376853
tt0051459,Tatsuya Fujiwara,Aki Maeda,Adventure,11.794846,Released,17570324.00,72,169091
tt0047162,Gene Hackman,Gwyneth Paltrow,Animation,0.912955,Released,105.00,75,266842
tt0033891,Maribel VerdÃº,Gael GarcÃ­a Bernal,Adventure,10.750619,Released,0.00,92,115827
tt0029855,Daniel Radcliffe,Rupert Grint,Animation,0.348765,Released,0.00,90,658185
tt0029588,Nicole Kidman,Christopher Eccleston,Animation,0.367546,Released,0.00,82,337651
tt0022879,Johnny Depp,PenÃ©lope Cruz,Animation,1.914697,Released,25.00,79,240714
tt0027980,Jude Law,Ed Harris,Adventure,0.283269,Released,0.00,50,243729
tt0114007,Tom Cruise,Colin Farrell,Adventure,0.064512,Released,0.00,67,508417
tt0093229,Denzel Washington,Vicellous Shannon,Adventure,1.060097,Released,0.00,82,91557
tt0118927,Christian Bale,Justin Theroux,Adventure,1.463219,Released,3028094.00,48,490062
tt0048491,Franka Potente,Moritz Bleibtreu,Animation,8.500509,Released,0.00,78,188317
tt0113730,Jim Caviezel,Sean Penn,Drama,0.580724,Released,0.00,46,172710
tt0117357,Barry Cook,Ming0Na Wen,Animation,0.537795,Released,0.00,53,256906
tt0117669,Johnny Depp,Benicio Del Toro,Animation,0.00264,Released,0.00,74,259753
tt0116329,Susanne Lothar,Ulrich MÃ¼he,Adventure,5.511155,Released,0.00,85,65058
tt0118742,Rufus Sewell,Kiefer Sutherland,Animation,1.262649,Released,294064.00,75,187927
tt0116442,Robert De Niro,Kevin Bacon,Animation,9.364418,Released,0.00,74,186734
tt0114354,Bill Pullman,Patricia Arquette,Animation,0.751733,Released,0.00,96,131101
tt0117011,Emma Thompson,Kate Winslet,Animation,7.370163,Released,51702483.00,49,102598
tt0117039,Bruce Willis,Jeremy Irons,Comedy,6.728199,Released,16900000.00,84,364420
tt0117473,Johnny Depp,Gary Farmer,Animation,6.746475,Released,8538318.00,90,90442
tt0116635,Clint Eastwood,Meryl Streep,Animation,1.226688,Released,0.00,49,73172
tt0115678,Tom Hanks,Bill Paxton,Adventure,2.702973,Released,0.00,59,269197
tt0116830,Zbigniew Zamachowski,Julie Delpy,Animation,11.845918,Released,47267001.00,84,64390
tt0115847,Michael Douglas,Robert Duvall,Animation,1.625873,Released,0.00,75,171640
tt0117603,Jason London,Wiley Wiggins,Adventure,6.85606,Released,41590886.00,39,165465
tt0115438,Joe Pesci,Marisa Tomei,Adventure,4.989276,Released,0.00,81,107325
tt0115994,Miki Imai,ToshirÃ´ Yanagiba,Animation,2.781581,Released,49620.00,81,27071
tt0083587,Jean0Pierre Jeunet,Marie0Laure Dougnac,Animation,0.000308,Released,0.00,81,80487
tt0116167,Macaulay Culkin,Joe Pesci,Action,0.550278,Released,0.00,60,488817
tt0116259,Al Pacino,Diane Keaton,Adventure,4.990506,Released,17380126.00,63,359809
tt0116421,Billy Crystal,Meg Ryan,Animation,5.918737,Released,0.00,56,195663
tt0116000,John Musker,Jodi Benson,Animation,5.511475,Released,22955097.00,73,237696
tt0115862,Leslie Nielsen,Priscilla Presley,Animation,3.998494,Released,22540359.00,58,152871
tt0072653,Steve Martin,John Candy,Animation,4.040945,Released,0.00,96,124773
tt0047977,Mel Gibson,Danny Glover,Animation,5.497359,Released,0.00,96,236894
tt0072951,Ethan Coen,John Getz,Animation,7.151691,Released,20000000.00,72,87745
tt0064603,Katharine Hepburn,Henry Fonda,Animation,10.091707,Released,0.00,46,27650
tt0071607,Mel Gibson,Bruce Spence,Animation,4.914603,Released,0.00,88,166588
tt0050798,Michael Beck,James Remar,Comedy,12.887829,Released,0.00,70,93878
tt0055277,Jim Henson,Frank Oz,Comedy,5.807074,Released,0.00,55,32802
tt0054195,Clint Eastwood,Patrick McGoohan,Animation,3.254308,Released,0.00,47,121731
tt0107131,John Hubley,John Hurt,Adventure,7.186506,Released,0.00,62,33656
tt0053271,Brad Davis,Irene Miracle,Drama,3.404213,Released,0.00,66,73662
tt0054357,Richard Dreyfuss,FranÃ§ois Truffaut,Adventure,4.623089,Released,0.00,78,184966
tt0059793,Elliott Gould,Nina van Pallandt,Adventure,2.803679,Released,0.00,66,26337
tt0046672,Rod Steiger,James Coburn,Animation,8.722406,Released,28200000.00,88,30144
tt0106611,Clint Eastwood,Telly Savalas,Adventure,8.30721,Released,154864401.00,65,45338
tt0109127,Phil Harris,Sebastian Cabot,Animation,10.892812,Released,50236831.00,31,166409
tt0042332,David Hemmings,Vanessa Redgrave,Animation,14.436858,Released,263591415.00,66,56513
tt0063819,John Lennon,Paul McCartney,Animation,1.054814,Released,0.00,54,40351
tt0038166,Audrey Hepburn,George Peppard,Animation,8.702472,Released,0.00,91,166544
tt0057546,Elizabeth Taylor,Rock Hudson,Animation,10.636458,Released,22182353.00,50,34075
tt0041890,Burt Lancaster,Montgomery Clift,Animation,0.901443,Released,0.00,94,43374
tt0102798,Tallulah Bankhead,John Hodiak,Animation,10.639244,Released,390493908.00,46,26471
tt0058331,Robert Donat,Madeleine Carroll,Animation,15.11549,Released,102272727.00,73,51853
